Verniq_ID,Title,difficulty,Topics,companies,records
1,Two Sum,EASY,"Array, Hash Table",116,265
2,LRU Cache,MEDIUM,"Hash Table, Linked List, Design, Doubly-Linked List",109,248
3,Merge Intervals,MEDIUM,"Array, Sorting, Quicksort",101,246
4,Valid Parentheses,EASY,"String, Stack, Bracket Sequences",99,217
5,Longest Substring Without Repeating Characters,MEDIUM,"Hash Table, String, Sliding Window",98,232
6,Best Time to Buy and Sell Stock,EASY,"Array, Dynamic Programming",83,193
7,Number of Islands,MEDIUM,"Array, Depth-First Search, Breadth-First Search, Union-Find, Matrix",82,195
8,Group Anagrams,MEDIUM,"Array, Hash Table, String, Sorting",80,191
9,Longest Palindromic Substring,MEDIUM,"Two Pointers, String, Dynamic Programming, Manacher",75,175
10,Trapping Rain Water,HARD,"Array, Two Pointers, Dynamic Programming, Stack, Monotonic Stack",73,163
11,Maximum Subarray,MEDIUM,"Array, Divide and Conquer, Dynamic Programming",59,138
12,Container With Most Water,MEDIUM,"Array, Two Pointers, Greedy",55,126
13,Rotting Oranges,MEDIUM,"Array, Breadth-First Search, Matrix",52,127
14,Longest Common Prefix,EASY,"Array, String, Trie",52,122
15,Top K Frequent Elements,MEDIUM,"Array, Hash Table, Divide and Conquer, Sorting, Heap (Priority Queue), Bucket Sort, Counting, Quickselect",51,118
16,3Sum,MEDIUM,"Array, Two Pointers, Sorting",50,120
17,Spiral Matrix,MEDIUM,"Array, Matrix, Simulation",49,115
18,Search in Rotated Sorted Array,MEDIUM,"Array, Binary Search",49,113
19,Merge k Sorted Lists,HARD,"Linked List, Divide and Conquer, Heap (Priority Queue), Merge Sort, Tournament Sort",49,111
20,Sliding Window Maximum,HARD,"Array, Queue, Sliding Window, Heap (Priority Queue), Monotonic Queue, Range Minimum/Maximum Query",47,111
21,Median of Two Sorted Arrays,HARD,"Array, Binary Search, Divide and Conquer",44,110
22,Course Schedule,MEDIUM,"Depth-First Search, Breadth-First Search, Graph Theory, Topological Sort, Directed Acyclic Graph",44,98
23,Subarray Sum Equals K,MEDIUM,"Array, Hash Table, Prefix Sum",43,106
24,Find Median from Data Stream,HARD,"Two Pointers, Design, Sorting, Heap (Priority Queue), Data Stream",43,101
25,Koko Eating Bananas,MEDIUM,"Array, Binary Search",43,97
26,Meeting Rooms II,MEDIUM,"Array, Two Pointers, Greedy, Sorting, Heap (Priority Queue), Prefix Sum",41,96
27,Kth Largest Element in an Array,MEDIUM,"Array, Divide and Conquer, Sorting, Heap (Priority Queue), Quickselect",41,93
28,Decode String,MEDIUM,"String, Stack, Recursion",41,89
29,Longest Consecutive Sequence,MEDIUM,"Array, Hash Table, Union-Find",40,96
30,Move Zeroes,EASY,"Array, Two Pointers",39,103
31,Valid Anagram,EASY,"Hash Table, String, Sorting",39,93
32,Word Ladder,HARD,"Hash Table, String, Breadth-First Search, Bidirectional Search",39,87
33,Coin Change,MEDIUM,"Array, Dynamic Programming, Breadth-First Search, Knapsack Problem, Complete Knapsack",38,88
34,Valid Palindrome,EASY,"Two Pointers, String",37,90
35,Insert Delete GetRandom O(1),MEDIUM,"Array, Hash Table, Math, Design, Randomized",37,89
36,Letter Combinations of a Phone Number,MEDIUM,"Hash Table, String, Backtracking",37,89
37,Add Two Numbers,MEDIUM,"Linked List, Math, Recursion",37,87
38,House Robber,MEDIUM,"Array, Dynamic Programming",37,87
39,Sort Colors,MEDIUM,"Array, Two Pointers, Sorting, Quicksort, Bubble Sort",37,84
40,String Compression,MEDIUM,"Two Pointers, String",37,83
41,Merge Two Sorted Lists,EASY,"Linked List, Recursion",37,82
42,Min Stack,MEDIUM,"Stack, Design",37,79
43,Climbing Stairs,EASY,"Math, Dynamic Programming, Memoization",36,89
44,Roman to Integer,EASY,"Hash Table, Math, String",36,87
45,Word Search,MEDIUM,"Array, String, Backtracking, Depth-First Search, Matrix",36,86
46,Minimum Window Substring,HARD,"Hash Table, String, Sliding Window",36,82
47,Course Schedule II,MEDIUM,"Depth-First Search, Breadth-First Search, Graph Theory, Topological Sort",35,89
48,Generate Parentheses,MEDIUM,"String, Dynamic Programming, Backtracking, Bracket Sequences",35,80
49,Product of Array Except Self,MEDIUM,"Array, Prefix Sum",35,80
50,Asteroid Collision,MEDIUM,"Array, Stack, Simulation",35,79
51,Text Justification,HARD,"Array, String, Simulation",35,76
52,Merge Sorted Array,EASY,"Array, Two Pointers, Sorting",34,85
53,Rotate Image,MEDIUM,"Array, Math, Matrix",34,78
54,Reverse Linked List,EASY,"Linked List, Recursion",34,76
55,LFU Cache,HARD,"Hash Table, Linked List, Design, Doubly-Linked List",33,81
56,Jump Game,MEDIUM,"Array, Dynamic Programming, Greedy",33,76
57,Time Based Key-Value Store,MEDIUM,"Hash Table, String, Binary Search, Design",32,83
58,Find Peak Element,MEDIUM,"Array, Binary Search",31,76
59,Next Permutation,MEDIUM,"Array, Two Pointers",31,76
60,First Missing Positive,HARD,"Array, Hash Table",31,69
61,Palindrome Number,EASY,Math,30,78
62,Integer to Roman,MEDIUM,"Hash Table, Math, String",30,73
63,Find First and Last Position of Element in Sorted Array,MEDIUM,"Array, Binary Search",29,76
64,Best Time to Buy and Sell Stock II,MEDIUM,"Array, Dynamic Programming, Greedy",29,73
65,Largest Rectangle in Histogram,HARD,"Array, Stack, Monotonic Stack, Range Minimum/Maximum Query",29,71
66,Daily Temperatures,MEDIUM,"Array, Stack, Monotonic Stack",28,67
67,Longest Increasing Subsequence,MEDIUM,"Array, Binary Search, Dynamic Programming, Longest Increasing Subsequence",28,66
68,Rotate Array,MEDIUM,"Array, Math, Two Pointers",27,75
69,Reverse Nodes in k-Group,HARD,"Linked List, Recursion",27,68
70,Gas Station,MEDIUM,"Array, Greedy",27,65
71,Basic Calculator II,MEDIUM,"Math, String, Stack",27,60
72,Word Break,MEDIUM,"Array, Hash Table, String, Dynamic Programming, Trie, Memoization, Brute-Force Search",27,58
73,Maximal Square,MEDIUM,"Array, Dynamic Programming, Matrix",27,56
74,Combination Sum,MEDIUM,"Array, Backtracking",26,60
75,Longest Valid Parentheses,HARD,"String, Dynamic Programming, Stack, Bracket Sequences",26,60
76,Reverse Words in a String,MEDIUM,"Two Pointers, String",26,59
77,Permutations,MEDIUM,"Array, Backtracking",25,61
78,Binary Tree Maximum Path Sum,HARD,"Dynamic Programming, Tree, Depth-First Search, Binary Tree, DP on Trees",25,59
79,Jump Game II,MEDIUM,"Array, Dynamic Programming, Greedy",25,57
80,Palindromic Substrings,MEDIUM,"Two Pointers, String, Dynamic Programming",25,55
81,Happy Number,EASY,"Hash Table, Math, Two Pointers, Floyd's Cycle Finding Algorithm",24,58
82,Majority Element,EASY,"Array, Hash Table, Divide and Conquer, Sorting, Counting, Boyer–Moore Majority Vote Algorithm",24,58
83,Valid Sudoku,MEDIUM,"Array, Hash Table, Matrix",24,57
84,Random Pick with Weight,MEDIUM,"Array, Math, Binary Search, Prefix Sum, Randomized",24,56
85,Design Hit Counter,MEDIUM,"Array, Binary Search, Design, Queue, Data Stream",24,53
86,Remove Duplicates from Sorted Array,EASY,"Array, Two Pointers",23,65
87,First Unique Character in a String,EASY,"Hash Table, String, Queue, Counting",23,61
88,Task Scheduler,MEDIUM,"Array, Hash Table, Greedy, Sorting, Heap (Priority Queue), Counting",23,58
89,Linked List Cycle,EASY,"Hash Table, Linked List, Two Pointers, Floyd's Cycle Finding Algorithm",23,55
90,Edit Distance,MEDIUM,"String, Dynamic Programming",23,53
91,Maximum Product Subarray,MEDIUM,"Array, Dynamic Programming",22,57
92,Candy,HARD,"Array, Greedy",22,54
93,Serialize and Deserialize Binary Tree,HARD,"String, Tree, Depth-First Search, Breadth-First Search, Design, Binary Tree",22,54
94,Simplify Path,MEDIUM,"String, Stack",22,54
95,Evaluate Division,MEDIUM,"Array, String, Depth-First Search, Breadth-First Search, Union-Find, Graph Theory, Shortest Path, Bellman–Ford Algorithm, Floyd–Warshall Algorithm",22,52
96,Lowest Common Ancestor of a Binary Tree,MEDIUM,"Tree, Depth-First Search, Binary Tree, Binary Lifting, Lowest Common Ancestor",22,52
97,Reconstruct Itinerary,HARD,"Array, String, Depth-First Search, Graph Theory, Sorting, Heap (Priority Queue), Eulerian Circuit, Eulerian Path, Semi-Eulerian Graph",22,52
98,Regular Expression Matching,HARD,"String, Dynamic Programming, Recursion",22,52
99,Basic Calculator,HARD,"Math, String, Stack, Recursion",22,51
100,Design Circular Queue,MEDIUM,"Array, Linked List, Design, Queue",22,51
101,Find the Duplicate Number,MEDIUM,"Array, Two Pointers, Binary Search, Bit Manipulation, Pigeonhole Principle, Floyd's Cycle Finding Algorithm",22,51
102,Logger Rate Limiter,EASY,"Hash Table, Design, Data Stream",22,51
103,Maximum Profit in Job Scheduling,HARD,"Array, Binary Search, Dynamic Programming, Sorting",22,49
104,Split Array Largest Sum,HARD,"Array, Binary Search, Dynamic Programming, Greedy, Prefix Sum",21,59
105,Longest Repeating Character Replacement,MEDIUM,"Hash Table, String, Sliding Window",21,53
106,Subsets,MEDIUM,"Array, Backtracking, Bit Manipulation",21,53
107,"Pow(x, n)",MEDIUM,"Math, Recursion",21,52
108,Unique Paths,MEDIUM,"Math, Dynamic Programming, Combinatorics",21,52
109,Copy List with Random Pointer,MEDIUM,"Hash Table, Linked List",21,49
110,Remove K Digits,MEDIUM,"String, Stack, Greedy, Monotonic Stack",21,49
111,String to Integer (atoi),MEDIUM,String,21,49
112,Implement Trie (Prefix Tree),MEDIUM,"Hash Table, String, Design, Trie",21,48
113,Subarray Product Less Than K,MEDIUM,"Array, Binary Search, Sliding Window, Prefix Sum",21,47
114,Top K Frequent Words,MEDIUM,"Array, Hash Table, String, Trie, Sorting, Heap (Priority Queue), Bucket Sort, Counting",21,42
115,Max Consecutive Ones III,MEDIUM,"Array, Binary Search, Sliding Window, Prefix Sum",20,54
116,Search a 2D Matrix,MEDIUM,"Array, Binary Search, Matrix",20,51
117,Set Matrix Zeroes,MEDIUM,"Array, Hash Table, Matrix",20,51
118,Diameter of Binary Tree,EASY,"Tree, Depth-First Search, Binary Tree, DP on Trees",20,48
119,Validate Binary Search Tree,MEDIUM,"Tree, Depth-First Search, Binary Search Tree, Binary Tree",20,45
120,Reverse Integer,MEDIUM,Math,19,54
121,Contains Duplicate,EASY,"Array, Hash Table, Sorting",19,48
122,Decode Ways,MEDIUM,"String, Dynamic Programming",19,48
123,Largest Number,MEDIUM,"Array, String, Greedy, Sorting",19,48
124,Capacity To Ship Packages Within D Days,MEDIUM,"Array, Binary Search",19,47
125,Reorganize String,MEDIUM,"Hash Table, String, Greedy, Sorting, Heap (Priority Queue), Counting",19,47
126,Binary Tree Zigzag Level Order Traversal,MEDIUM,"Tree, Breadth-First Search, Binary Tree",19,45
127,Find K Closest Elements,MEDIUM,"Array, Two Pointers, Binary Search, Sliding Window, Sorting, Heap (Priority Queue)",19,44
128,All Nodes Distance K in Binary Tree,MEDIUM,"Hash Table, Tree, Depth-First Search, Breadth-First Search, Binary Tree",19,42
129,Restore IP Addresses,MEDIUM,"String, Backtracking",19,42
130,Word Search II,HARD,"Array, String, Backtracking, Trie, Matrix",19,41
131,Alien Dictionary,HARD,"Array, String, Depth-First Search, Breadth-First Search, Graph Theory, Topological Sort, Directed Acyclic Graph",19,40
132,Integer to English Words,HARD,"Math, String, Recursion",19,38
133,Second Highest Salary,MEDIUM,Database,18,52
134,Single Element in a Sorted Array,MEDIUM,"Array, Binary Search",18,48
135,4Sum,MEDIUM,"Array, Two Pointers, Sorting",18,45
136,Longest Common Subsequence,MEDIUM,"String, Dynamic Programming, Longest Common Subsequence",18,45
137,Maximum Depth of Binary Tree,EASY,"Tree, Depth-First Search, Breadth-First Search, Binary Tree",18,45
138,Cheapest Flights Within K Stops,MEDIUM,"Dynamic Programming, Depth-First Search, Breadth-First Search, Graph Theory, Heap (Priority Queue), Shortest Path",18,44
139,Find Minimum in Rotated Sorted Array,MEDIUM,"Array, Binary Search",18,44
140,Non-overlapping Intervals,MEDIUM,"Array, Dynamic Programming, Greedy, Sorting",18,44
141,Design Memory Allocator,MEDIUM,"Array, Hash Table, Design, Simulation",18,43
142,Remove All Adjacent Duplicates in String II,MEDIUM,"String, Stack",18,43
143,Evaluate Reverse Polish Notation,MEDIUM,"Array, Math, Stack",18,42
144,Longest Increasing Path in a Matrix,HARD,"Array, Dynamic Programming, Depth-First Search, Breadth-First Search, Graph Theory, Topological Sort, Memoization, Matrix, Directed Acyclic Graph",18,42
145,Simple Bank System,MEDIUM,"Array, Hash Table, Design, Simulation",18,40
146,Max Area of Island,MEDIUM,"Array, Depth-First Search, Breadth-First Search, Union-Find, Matrix",18,39
147,Clone Graph,MEDIUM,"Hash Table, Depth-First Search, Breadth-First Search, Graph Theory",18,36
148,Search Suggestions System,MEDIUM,"Array, String, Binary Search, Trie, Sorting, Heap (Priority Queue)",18,35
149,Flatten Nested List Iterator,MEDIUM,"Stack, Tree, Depth-First Search, Design, Queue, Iterator",18,33
150,Zigzag Conversion,MEDIUM,String,17,53
151,Squares of a Sorted Array,EASY,"Array, Two Pointers, Sorting",17,49
152,Sqrt(x),EASY,"Math, Binary Search, Newton's Method",17,45
153,Minimum Size Subarray Sum,MEDIUM,"Array, Binary Search, Sliding Window, Prefix Sum",17,43
154,Missing Number,EASY,"Array, Hash Table, Math, Binary Search, Bit Manipulation, Sorting",17,43
155,Next Greater Element II,MEDIUM,"Array, Stack, Monotonic Stack",17,43
156,Remove Nth Node From End of List,MEDIUM,"Linked List, Two Pointers",17,43
157,Multiply Strings,MEDIUM,"Math, String, Simulation",17,42
158,Bus Routes,HARD,"Array, Hash Table, Breadth-First Search",17,41
159,Sudoku Solver,HARD,"Array, Hash Table, Backtracking, Matrix, Algorithm X, Dancing Links",17,40
160,Find the Length of the Longest Common Prefix,MEDIUM,"Array, Hash Table, String, Trie",17,39
161,Fizz Buzz,EASY,"Math, String, Simulation",17,39
162,House Robber II,MEDIUM,"Array, Dynamic Programming",17,38
163,Subarrays with K Different Integers,HARD,"Array, Hash Table, Sliding Window, Counting",17,37
164,Snapshot Array,MEDIUM,"Array, Hash Table, Binary Search, Design, Persistent Data Structure",17,36
165,Word Break II,HARD,"Array, Hash Table, String, Dynamic Programming, Backtracking, Trie, Memoization",17,36
166,Shortest Bridge,MEDIUM,"Array, Depth-First Search, Breadth-First Search, Matrix",17,32
167,Reverse String,EASY,"Two Pointers, String",16,46
168,Find the Index of the First Occurrence in a String,EASY,"Two Pointers, String, String Matching, Z Algorithm, Knuth–Morris–Pratt Algorithm, Boyer–Moore String-Search Algorithm",16,44
169,Permutation in String,MEDIUM,"Hash Table, Two Pointers, String, Sliding Window",16,44
170,N-Queens,HARD,"Array, Backtracking, Algorithm X",16,43
171,Next Greater Element I,EASY,"Array, Hash Table, Stack, Monotonic Stack",16,43
172,Valid Palindrome II,EASY,"Two Pointers, String, Greedy",16,43
173,Palindrome Linked List,EASY,"Linked List, Two Pointers, Stack, Recursion",16,42
174,Reverse Linked List II,MEDIUM,Linked List,16,42
175,Making A Large Island,HARD,"Array, Depth-First Search, Breadth-First Search, Union-Find, Matrix",16,41
176,Add Binary,EASY,"Math, String, Bit Manipulation, Simulation",16,40
177,Find Pivot Index,EASY,"Array, Prefix Sum",16,39
178,Sort Characters By Frequency,MEDIUM,"Hash Table, String, Sorting, Heap (Priority Queue), Bucket Sort, Counting",16,39
179,Wildcard Matching,HARD,"String, Dynamic Programming, Greedy, Recursion",16,39
180,Accounts Merge,MEDIUM,"Array, Hash Table, String, Depth-First Search, Breadth-First Search, Union-Find, Sorting",16,38
181,Burst Balloons,HARD,"Array, Dynamic Programming",16,38
182,Insert Interval,MEDIUM,Array,16,38
183,Minimum Absolute Difference,EASY,"Array, Sorting",16,37
184,Number of Visible People in a Queue,HARD,"Array, Stack, Monotonic Stack",16,34
185,Max Points on a Line,HARD,"Array, Hash Table, Math, Geometry, Euclidean Algorithm, Greatest Common Divisor",16,33
186,Word Ladder II,HARD,"Hash Table, String, Backtracking, Breadth-First Search, Bidirectional Search",16,32
187,Fibonacci Number,EASY,"Math, Dynamic Programming, Recursion, Memoization",15,45
188,Two Sum II - Input Array Is Sorted,MEDIUM,"Array, Two Pointers, Binary Search",15,43
189,Isomorphic Strings,EASY,"Hash Table, String",15,42
190,Reorder List,MEDIUM,"Linked List, Two Pointers, Stack, Recursion",15,41
191,Single Number,EASY,"Array, Bit Manipulation",15,41
192,Can Place Flowers,EASY,"Array, Greedy",15,40
193,Count Primes,MEDIUM,"Array, Math, Enumeration, Number Theory, Primality Test, Sieve Theory, Prime Number Sieve",15,39
194,Valid Parenthesis String,MEDIUM,"String, Dynamic Programming, Stack, Greedy, Bracket Sequences",15,38
195,Binary Tree Right Side View,MEDIUM,"Tree, Depth-First Search, Breadth-First Search, Binary Tree",15,37
196,Minimum Path Sum,MEDIUM,"Array, Dynamic Programming, Matrix",15,37
197,Sum of Subarray Minimums,MEDIUM,"Array, Dynamic Programming, Stack, Monotonic Stack",15,34
198,Design In-Memory File System,HARD,"Hash Table, String, Design, Trie, Sorting",15,33
199,Is Subsequence,EASY,"Two Pointers, String, Dynamic Programming",15,33
200,Maximum Number of Events That Can Be Attended,MEDIUM,"Array, Greedy, Sorting, Heap (Priority Queue)",15,33
201,Open the Lock,MEDIUM,"Array, Hash Table, String, Breadth-First Search, Bidirectional Search",15,33
202,Add Strings,EASY,"Math, String, Simulation",15,32
203,Combination Sum II,MEDIUM,"Array, Backtracking",15,32
204,K Closest Points to Origin,MEDIUM,"Array, Math, Divide and Conquer, Geometry, Sorting, Heap (Priority Queue), Quickselect, K-D Tree",15,32
205,Binary Tree Cameras,HARD,"Dynamic Programming, Tree, Depth-First Search, Binary Tree, DP on Trees",15,31
206,Longest String Chain,MEDIUM,"Array, Hash Table, Two Pointers, String, Dynamic Programming, Sorting",15,29
207,Basic Calculator III,HARD,"Math, String, Stack, Recursion",15,26
208,Contains Duplicate II,EASY,"Array, Hash Table, Sliding Window",14,41
209,Find All Anagrams in a String,MEDIUM,"Hash Table, String, Sliding Window",14,41
210,Search a 2D Matrix II,MEDIUM,"Array, Binary Search, Divide and Conquer, Matrix",14,39
211,Intersection of Two Arrays,EASY,"Array, Hash Table, Two Pointers, Binary Search, Sorting",14,38
212,Pascal's Triangle,EASY,"Array, Dynamic Programming",14,38
213,Contiguous Array,MEDIUM,"Array, Hash Table, Prefix Sum",14,37
214,Count Binary Substrings,EASY,"Two Pointers, String",14,36
215,Maximal Rectangle,HARD,"Array, Dynamic Programming, Stack, Matrix, Monotonic Stack",14,36
216,Best Time to Buy and Sell Stock III,HARD,"Array, Dynamic Programming",14,35
217,Longest Continuous Subarray With Absolute Diff Less Than or Equal to Limit,MEDIUM,"Array, Queue, Sliding Window, Heap (Priority Queue), Ordered Set, Monotonic Queue",14,35
218,Remove All Adjacent Duplicates In String,EASY,"String, Stack",14,35
219,Shortest Path in Binary Matrix,MEDIUM,"Array, Breadth-First Search, Matrix",14,35
220,Vertical Order Traversal of a Binary Tree,HARD,"Hash Table, Tree, Depth-First Search, Breadth-First Search, Sorting, Binary Tree",14,35
221,Binary Tree Level Order Traversal,MEDIUM,"Tree, Breadth-First Search, Binary Tree",14,34
222,Swap Nodes in Pairs,MEDIUM,"Linked List, Recursion",14,33
223,Shortest Path in a Grid with Obstacles Elimination,HARD,"Array, Breadth-First Search, Matrix",14,32
224,Design Twitter,MEDIUM,"Hash Table, Linked List, Design, Heap (Priority Queue)",14,30
225,Shortest Distance from All Buildings,HARD,"Array, Breadth-First Search, Matrix",14,28
226,Plus One,EASY,"Array, Math",13,37
227,Binary Search,EASY,"Array, Binary Search",13,35
228,Middle of the Linked List,EASY,"Linked List, Two Pointers",13,35
229,Ransom Note,EASY,"Hash Table, String, Counting",13,35
230,Fruit Into Baskets,MEDIUM,"Array, Hash Table, Sliding Window",13,34
231,Partition Equal Subset Sum,MEDIUM,"Array, Dynamic Programming, Knapsack Problem, 0-1 Knapsack",13,34
232,Intersection of Two Linked Lists,EASY,"Hash Table, Linked List, Two Pointers",13,33
233,Max Consecutive Ones,EASY,Array,13,33
234,Reverse Vowels of a String,EASY,"Two Pointers, String",13,33
235,Delete and Earn,MEDIUM,"Array, Hash Table, Dynamic Programming",13,32
236,Best Time to Buy and Sell Stock IV,HARD,"Array, Dynamic Programming",13,31
237,Find the Winner of the Circular Game,MEDIUM,"Array, Math, Recursion, Queue, Simulation",13,30
238,Flood Fill,EASY,"Array, Depth-First Search, Breadth-First Search, Matrix",13,30
239,Optimal Account Balancing,HARD,"Array, Dynamic Programming, Backtracking, Bit Manipulation, Bitmask",13,30
240,Design Tic-Tac-Toe,MEDIUM,"Array, Hash Table, Design, Matrix, Simulation",13,29
241,All O`one Data Structure,HARD,"Hash Table, Linked List, Design, Doubly-Linked List",13,28
242,Backspace String Compare,EASY,"Two Pointers, String, Stack, Simulation",13,28
243,Design Add and Search Words Data Structure,MEDIUM,"String, Depth-First Search, Design, Trie",13,28
244,Design Search Autocomplete System,HARD,"String, Depth-First Search, Design, Trie, Sorting, Heap (Priority Queue), Data Stream",13,28
245,Minimum Number of Swaps to Make the String Balanced,MEDIUM,"Two Pointers, String, Stack, Greedy, Bracket Sequences",13,28
246,Amount of Time for Binary Tree to Be Infected,MEDIUM,"Hash Table, Tree, Depth-First Search, Breadth-First Search, Binary Tree",13,27
247,Remove Duplicate Letters,MEDIUM,"String, Stack, Greedy, Monotonic Stack",13,27
248,Russian Doll Envelopes,HARD,"Array, Binary Search, Dynamic Programming, Sorting, Longest Increasing Subsequence",13,26
249,The Maze,MEDIUM,"Array, Depth-First Search, Breadth-First Search, Matrix",13,26
250,Game of Life,MEDIUM,"Array, Matrix, Simulation",13,25
251,Minimum Number of Taps to Open to Water a Garden,HARD,"Array, Dynamic Programming, Greedy",13,25
252,Remove All Occurrences of a Substring,MEDIUM,"String, Stack, Simulation",13,25
253,Search Insert Position,EASY,"Array, Binary Search",12,39
254,Kth Smallest Element in a BST,MEDIUM,"Tree, Depth-First Search, Binary Search Tree, Binary Tree",12,35
255,3Sum Closest,MEDIUM,"Array, Two Pointers, Sorting",12,34
256,Rotate String,EASY,"String, String Matching",12,34
257,Surrounded Regions,MEDIUM,"Array, Depth-First Search, Breadth-First Search, Union-Find, Matrix",12,34
258,Implement Queue using Stacks,EASY,"Stack, Design, Queue",12,31
259,Longest Palindromic Subsequence,MEDIUM,"String, Dynamic Programming",12,31
260,Count and Say,MEDIUM,String,12,30
261,Rising Temperature,EASY,Database,12,30
262,Count Vowel Substrings of a String,EASY,"Hash Table, String",12,29
263,Find the Smallest Divisor Given a Threshold,MEDIUM,"Array, Binary Search",12,29
264,House Robber III,MEDIUM,"Dynamic Programming, Tree, Depth-First Search, Binary Tree, DP on Trees",12,29
265,Pacific Atlantic Water Flow,MEDIUM,"Array, Depth-First Search, Breadth-First Search, Matrix",12,29
266,Perfect Squares,MEDIUM,"Math, Dynamic Programming, Breadth-First Search, Knapsack Problem, Complete Knapsack",12,29
267,Block Placement Queries,HARD,"Array, Binary Search, Binary Indexed Tree, Segment Tree, Ordered Set",12,28
268,Boats to Save People,MEDIUM,"Array, Two Pointers, Greedy, Sorting, Timsort",12,28
269,Interval List Intersections,MEDIUM,"Array, Two Pointers, Sweep Line",12,28
270,Maximum Sum Circular Subarray,MEDIUM,"Array, Divide and Conquer, Dynamic Programming, Queue, Monotonic Queue",12,28
271,Meeting Rooms III,HARD,"Array, Hash Table, Sorting, Heap (Priority Queue), Simulation",12,28
272,Car Pooling,MEDIUM,"Array, Sorting, Heap (Priority Queue), Simulation, Prefix Sum",12,27
273,Design Browser History,MEDIUM,"Array, Linked List, Stack, Design, Doubly-Linked List, Data Stream",12,27
274,Diagonal Traverse,MEDIUM,"Array, Matrix, Simulation",12,27
275,Frog Jump,HARD,"Array, Dynamic Programming",12,27
276,Minimum Cost For Tickets,MEDIUM,"Array, Dynamic Programming",12,27
277,Employee Free Time,HARD,"Array, Sweep Line, Sorting, Heap (Priority Queue)",12,26
278,Exclusive Time of Functions,MEDIUM,"Array, Stack",12,26
279,Heaters,MEDIUM,"Array, Two Pointers, Binary Search, Sorting",12,26
280,Number of Distinct Islands,MEDIUM,"Array, Hash Table, Depth-First Search, Breadth-First Search, Union-Find, Sorting, Matrix, Hash Function",12,26
281,Dot Product of Two Sparse Vectors,MEDIUM,"Array, Hash Table, Two Pointers, Design, Linear Algebra",12,25
282,Furthest Building You Can Reach,MEDIUM,"Array, Greedy, Heap (Priority Queue)",12,25
283,Special Binary String,HARD,"String, Divide and Conquer, Sorting",12,25
284,Trapping Rain Water II,HARD,"Array, Breadth-First Search, Heap (Priority Queue), Matrix",12,25
285,Insert Delete GetRandom O(1) - Duplicates allowed,HARD,"Array, Hash Table, Math, Design, Randomized",12,24
286,Minimum Knight Moves,MEDIUM,"Breadth-First Search, Heuristic Search, Bidirectional Search, A* Search",12,24
287,Snakes and Ladders,MEDIUM,"Array, Breadth-First Search, Matrix",12,24
288,The Skyline Problem,HARD,"Array, Divide and Conquer, Binary Indexed Tree, Segment Tree, Sweep Line, Sorting, Heap (Priority Queue), Ordered Set",12,24
289,Degree of an Array,EASY,"Array, Hash Table",12,23
290,Longest Substring with At Most K Distinct Characters,MEDIUM,"Hash Table, String, Sliding Window",12,23
291,My Calendar I,MEDIUM,"Array, Binary Search, Design, Segment Tree, Ordered Set",12,23
292,Collect Coins in a Tree,HARD,"Array, Tree, Graph Theory, Topological Sort",12,22
293,Validate IP Address,MEDIUM,String,12,22
294,Maximum Product of Three Numbers,EASY,"Array, Math, Sorting",11,36
295,Symmetric Tree,EASY,"Tree, Depth-First Search, Breadth-First Search, Binary Tree",11,34
296,Palindrome Partitioning,MEDIUM,"String, Dynamic Programming, Backtracking",11,33
297,Angle Between Hands of a Clock,MEDIUM,Math,11,32
298,Merge Strings Alternately,EASY,"Two Pointers, String",11,32
299,Remove Element,EASY,"Array, Two Pointers",11,32
300,Unique Paths II,MEDIUM,"Array, Dynamic Programming, Matrix",11,31
301,Design HashMap,EASY,"Array, Hash Table, Linked List, Design, Hash Function",11,30
302,Frequency of the Most Frequent Element,MEDIUM,"Array, Binary Search, Greedy, Sliding Window, Sorting, Prefix Sum",11,30
303,Linked List Cycle II,MEDIUM,"Hash Table, Linked List, Two Pointers, Floyd's Cycle Finding Algorithm",11,30
304,Cherry Pickup,HARD,"Array, Dynamic Programming, Matrix",11,29
305,Odd Even Linked List,MEDIUM,Linked List,11,29
306,Coin Change II,MEDIUM,"Array, Dynamic Programming, Knapsack Problem, Complete Knapsack",11,28
307,01 Matrix,MEDIUM,"Array, Dynamic Programming, Breadth-First Search, Matrix",11,27
308,Delete Node in a BST,MEDIUM,"Tree, Binary Search Tree, Binary Tree",11,27
309,Maximum Points You Can Obtain from Cards,MEDIUM,"Array, Sliding Window, Prefix Sum",11,27
310,Minimum Edge Reversals So Every Node Is Reachable,HARD,"Dynamic Programming, Depth-First Search, Breadth-First Search, Graph Theory",11,27
311,Nth Highest Salary,MEDIUM,Database,11,26
312,Find the Celebrity,MEDIUM,"Two Pointers, Graph Theory, Interactive",11,25
313,Last Stone Weight,EASY,"Array, Heap (Priority Queue)",11,25
314,Number of 1 Bits,EASY,"Divide and Conquer, Bit Manipulation",11,25
315,Candy Crush,MEDIUM,"Array, Two Pointers, Matrix, Simulation",11,24
316,Minimum Remove to Make Valid Parentheses,MEDIUM,"String, Stack",11,24
317,Car Fleet,MEDIUM,"Array, Stack, Sorting, Monotonic Stack",11,23
318,Remove Boxes,HARD,"Array, Dynamic Programming, Memoization",11,23
319,Kth Smallest Element in a Sorted Matrix,MEDIUM,"Array, Binary Search, Sorting, Heap (Priority Queue), Matrix",11,22
320,Lowest Common Ancestor of a Binary Tree III,MEDIUM,"Hash Table, Two Pointers, Tree, Binary Tree, Binary Lifting, Lowest Common Ancestor",11,22
321,Maximum Frequency Stack,HARD,"Hash Table, Stack, Design, Ordered Set",11,22
322,Spiral Matrix II,MEDIUM,"Array, Matrix, Simulation",11,22
323,Design File System,MEDIUM,"Hash Table, String, Design, Trie",11,21
324,Robot Bounded In Circle,MEDIUM,"Math, String, Simulation",11,21
325,Reaching Points,HARD,"Math, Euclidean Algorithm, Greatest Common Divisor",11,20
326,Maximum Average Subarray I,EASY,"Array, Sliding Window",10,34
327,Power of Two,EASY,"Math, Bit Manipulation, Recursion",10,31
328,Subarray Sums Divisible by K,MEDIUM,"Array, Hash Table, Prefix Sum",10,31
329,Check if Array Is Sorted and Rotated,EASY,Array,10,29
330,Construct Binary Tree from Preorder and Inorder Traversal,MEDIUM,"Array, Hash Table, Divide and Conquer, Tree, Binary Tree",10,28
331,Sort an Array,MEDIUM,"Array, Divide and Conquer, Sorting, Heap (Priority Queue), Merge Sort, Bucket Sort, Radix Sort, Counting Sort",10,28
332,Triangle,MEDIUM,"Array, Dynamic Programming",10,27
333,Dungeon Game,HARD,"Array, Dynamic Programming, Matrix",10,26
334,Employees Earning More Than Their Managers,EASY,Database,10,26
335,Lowest Common Ancestor of a Binary Search Tree,MEDIUM,"Tree, Depth-First Search, Binary Search Tree, Binary Tree, Binary Lifting, Lowest Common Ancestor",10,25
336,Majority Element II,MEDIUM,"Array, Hash Table, Sorting, Counting, Boyer–Moore Majority Vote Algorithm",10,25
337,Maximize Distance to Closest Person,MEDIUM,Array,10,25
338,Parallel Courses III,HARD,"Array, Dynamic Programming, Graph Theory, Topological Sort, Directed Acyclic Graph",10,25
339,Path Sum II,MEDIUM,"Backtracking, Tree, Depth-First Search, Binary Tree",10,25
340,Path Sum III,MEDIUM,"Tree, Depth-First Search, Binary Tree",10,25
341,Remove Duplicates from Sorted List II,MEDIUM,"Linked List, Two Pointers",10,25
342,Search in Rotated Sorted Array II,MEDIUM,"Array, Binary Search",10,25
343,Substring with Concatenation of All Words,HARD,"Hash Table, String, Sliding Window",10,25
344,Continuous Subarray Sum,MEDIUM,"Array, Hash Table, Math, Prefix Sum, Pigeonhole Principle",10,24
345,Count Palindromic Subsequences,HARD,"String, Dynamic Programming",10,24
346,Count Subarrays With Fixed Bounds,HARD,"Array, Queue, Sliding Window, Monotonic Queue",10,24
347,Critical Connections in a Network,HARD,"Depth-First Search, Graph Theory, Biconnected Component, Bridge (Graph)",10,24
348,Design Authentication Manager,MEDIUM,"Hash Table, Linked List, Design, Doubly-Linked List",10,24
349,Distinct Subsequences,HARD,"String, Dynamic Programming",10,24
350,Most Stones Removed with Same Row or Column,MEDIUM,"Hash Table, Depth-First Search, Union-Find, Graph Theory, Bipartite Graph",10,24
351,Next Greater Element III,MEDIUM,"Math, Two Pointers, String",10,24
352,Using a Robot to Print the Lexicographically Smallest String,MEDIUM,"Hash Table, String, Stack, Greedy",10,24
353,Walls and Gates,MEDIUM,"Array, Breadth-First Search, Matrix",10,24
354,Binary Tree Vertical Order Traversal,MEDIUM,"Hash Table, Tree, Depth-First Search, Breadth-First Search, Sorting, Binary Tree",10,23
355,Department Top Three Salaries,HARD,Database,10,23
356,Find K Pairs with Smallest Sums,MEDIUM,"Array, Heap (Priority Queue)",10,23
357,Is Graph Bipartite?,MEDIUM,"Depth-First Search, Breadth-First Search, Union-Find, Graph Theory, Graph Coloring, Bipartite Graph",10,23
358,Longest Substring with At Least K Repeating Characters,MEDIUM,"Hash Table, String, Divide and Conquer, Sliding Window",10,23
359,Possible Bipartition,MEDIUM,"Depth-First Search, Breadth-First Search, Union-Find, Graph Theory, Graph Coloring, Bipartite Graph",10,23
360,Boundary of Binary Tree,MEDIUM,"Tree, Depth-First Search, Binary Tree",10,22
361,Convert Sorted List to Binary Search Tree,MEDIUM,"Linked List, Divide and Conquer, Tree, Binary Search Tree, Binary Tree",10,22
362,Delete Node in a Linked List,MEDIUM,Linked List,10,22
363,Excel Sheet Column Title,EASY,"Math, String",10,22
364,Longest Mountain in Array,MEDIUM,"Array, Two Pointers, Dynamic Programming, Enumeration",10,22
365,Meeting Rooms,EASY,"Array, Sorting, Quicksort",10,22
366,Min Cost to Connect All Points,MEDIUM,"Array, Union-Find, Graph Theory, Minimum Spanning Tree, Prim's Algorithm, Kruskal's Algorithm, Borůvka's Algorithm",10,22
367,Reverse Bits,EASY,"Divide and Conquer, Bit Manipulation",10,22
368,Smallest Range Covering Elements from K Lists,HARD,"Array, Hash Table, Greedy, Sliding Window, Sorting, Heap (Priority Queue)",10,22
369,Compare Version Numbers,MEDIUM,"Two Pointers, String",10,21
370,Moving Average from Data Stream,EASY,"Array, Design, Queue, Data Stream",10,21
371,Find All Duplicates in an Array,MEDIUM,"Array, Hash Table, Sorting",10,20
372,Guess the Word,HARD,"Array, Math, String, Minimax, Interactive, Game Theory",10,20
373,Number of Operations to Make Network Connected,MEDIUM,"Depth-First Search, Breadth-First Search, Union-Find, Graph Theory",10,20
374,Product of the Last K Numbers,MEDIUM,"Array, Math, Design, Data Stream, Prefix Sum",10,20
375,Fraction to Recurring Decimal,MEDIUM,"Hash Table, Math, String",10,19
376,Minimize Malware Spread,HARD,"Array, Hash Table, Depth-First Search, Breadth-First Search, Union-Find, Graph Theory",10,19
377,Minimum Number of Steps to Make Two Strings Anagram,MEDIUM,"Hash Table, String, Counting",10,19
378,N-Queens II,HARD,"Backtracking, Algorithm X",10,19
379,Minimum Value to Get Positive Step by Step Sum,EASY,"Array, Prefix Sum",10,17
380,Meeting Scheduler,MEDIUM,"Array, Two Pointers, Sorting",10,16
381,Consecutive Numbers,MEDIUM,Database,9,29
382,Predict the Winner,MEDIUM,"Array, Math, Dynamic Programming, Recursion, Minimax, Game Theory, Zero-Sum Game",9,29
383,Same Tree,EASY,"Tree, Depth-First Search, Breadth-First Search, Binary Tree",9,29
384,Reverse Pairs,HARD,"Array, Binary Search, Divide and Conquer, Binary Indexed Tree, Segment Tree, Merge Sort, Ordered Set, Treap",9,28
385,Article Views I,EASY,Database,9,27
386,Number of Provinces,MEDIUM,"Depth-First Search, Breadth-First Search, Union-Find, Graph Theory",9,27
387,Sort List,MEDIUM,"Linked List, Two Pointers, Divide and Conquer, Sorting, Merge Sort",9,27
388,Add Two Integers,EASY,Math,9,26
389,Peak Index in a Mountain Array,MEDIUM,"Array, Binary Search, Ternary Search",9,26
390,Rotate List,MEDIUM,"Linked List, Two Pointers",9,26
391,Bulb Switcher,MEDIUM,"Math, Brainteaser",9,25
392,Invert Binary Tree,EASY,"Tree, Depth-First Search, Breadth-First Search, Binary Tree",9,25
393,Kth Missing Positive Number,EASY,"Array, Binary Search",9,25
394,Target Sum,MEDIUM,"Array, Dynamic Programming, Backtracking, Knapsack Problem, 0-1 Knapsack",9,25
395,Assign Cookies,EASY,"Array, Two Pointers, Greedy, Sorting, Quicksort",9,24
396,Convert Sorted Array to Binary Search Tree,EASY,"Array, Divide and Conquer, Tree, Binary Search Tree, Binary Tree",9,24
397,Interleaving String,MEDIUM,"String, Dynamic Programming",9,24
398,Minimum Number of Days to Make m Bouquets,MEDIUM,"Array, Binary Search",9,24
399,Number of Recent Calls,EASY,"Design, Queue, Data Stream",9,24
400,Remove Duplicates from Sorted Array II,MEDIUM,"Array, Two Pointers",9,24
401,Summary Ranges,EASY,Array,9,24
402,Delete Duplicate Emails,EASY,Database,9,23
403,Implement Stack using Queues,EASY,"Stack, Design, Queue",9,23
404,Redundant Connection,MEDIUM,"Depth-First Search, Breadth-First Search, Union-Find, Graph Theory",9,23
405,Add Digits,EASY,"Math, Simulation, Number Theory",9,22
406,Partition Labels,MEDIUM,"Hash Table, Two Pointers, String, Greedy",9,22
407,Remove Linked List Elements,EASY,"Linked List, Recursion",9,22
408,Sliding Window Median,HARD,"Array, Hash Table, Sliding Window, Heap (Priority Queue), Treap",9,22
409,Ugly Number II,MEDIUM,"Hash Table, Math, Dynamic Programming, Heap (Priority Queue)",9,22
410,Kth Largest Element in a Stream,EASY,"Tree, Design, Binary Search Tree, Heap (Priority Queue), Binary Tree, Data Stream",9,21
411,Magnetic Force Between Two Balls,MEDIUM,"Array, Binary Search, Sorting",9,21
412,Network Delay Time,MEDIUM,"Depth-First Search, Breadth-First Search, Graph Theory, Heap (Priority Queue), Shortest Path, Dijkstra's Algorithm",9,21
413,Path With Minimum Effort,MEDIUM,"Array, Binary Search, Depth-First Search, Breadth-First Search, Union-Find, Heap (Priority Queue), Matrix, Dijkstra's Algorithm",9,21
414,Replace Employee ID With The Unique Identifier,EASY,Database,9,21
415,Smallest Subsequence of Distinct Characters,MEDIUM,"String, Stack, Greedy, Monotonic Stack",9,21
416,Third Maximum Number,EASY,"Array, Sorting",9,21
417,Water Bottles,EASY,"Math, Simulation",9,21
418,Best Time to Buy and Sell Stock with Transaction Fee,MEDIUM,"Array, Dynamic Programming, Greedy",9,20
419,Counting Bits,EASY,"Dynamic Programming, Bit Manipulation",9,20
420,Find All Possible Recipes from Given Supplies,MEDIUM,"Array, Hash Table, String, Graph Theory, Topological Sort, Directed Acyclic Graph",9,20
421,Intersection of Two Arrays II,EASY,"Array, Hash Table, Two Pointers, Binary Search, Sorting",9,20
422,Maximum Width Ramp,MEDIUM,"Array, Two Pointers, Stack, Monotonic Stack",9,20
423,Permutations II,MEDIUM,"Array, Backtracking, Sorting",9,20
424,Range Sum Query 2D - Immutable,MEDIUM,"Array, Design, Matrix, Prefix Sum",9,20
425,Rotating the Box,MEDIUM,"Array, Two Pointers, Matrix",9,20
426,Unique Binary Search Trees,MEDIUM,"Math, Dynamic Programming, Tree, Binary Search Tree, Binary Tree",9,20
427,Add Two Numbers II,MEDIUM,"Linked List, Math, Stack",9,19
428,Find Duplicate Subtrees,MEDIUM,"Hash Table, Tree, Depth-First Search, Binary Tree",9,19
429,Island Perimeter,EASY,"Array, Depth-First Search, Breadth-First Search, Matrix",9,19
430,Max Stack,HARD,"Linked List, Stack, Design, Doubly-Linked List, Ordered Set",9,19
431,Minesweeper,MEDIUM,"Array, Depth-First Search, Breadth-First Search, Matrix",9,19
432,Remove Invalid Parentheses,HARD,"String, Backtracking, Breadth-First Search",9,19
433,Repeated Substring Pattern,EASY,"String, String Matching, Z Algorithm, Knuth–Morris–Pratt Algorithm",9,19
434,Shortest Subarray to be Removed to Make Array Sorted,MEDIUM,"Array, Two Pointers, Binary Search, Stack, Monotonic Stack",9,19
435,Sort Array by Increasing Frequency,EASY,"Array, Hash Table, Sorting",9,19
436,Strange Printer,HARD,"String, Dynamic Programming",9,19
437,Swim in Rising Water,HARD,"Array, Binary Search, Depth-First Search, Breadth-First Search, Union-Find, Minimax, Heap (Priority Queue), Matrix, Dijkstra's Algorithm",9,19
438,Count Vowel Strings in Ranges,MEDIUM,"Array, String, Prefix Sum",9,18
439,Encode and Decode Strings,MEDIUM,"Array, String, Design",9,18
440,Nearest Exit from Entrance in Maze,MEDIUM,"Array, Breadth-First Search, Matrix",9,18
441,Path Sum,EASY,"Tree, Depth-First Search, Breadth-First Search, Binary Tree",9,18
442,Restore the Array From Adjacent Pairs,MEDIUM,"Array, Hash Table, Depth-First Search",9,18
443,Shortest Unsorted Continuous Subarray,MEDIUM,"Array, Two Pointers, Stack, Greedy, Sorting, Monotonic Stack",9,18
444,Sparse Matrix Multiplication,MEDIUM,"Array, Hash Table, Matrix, Linear Algebra",9,18
445,Best Meeting Point,HARD,"Array, Math, Sorting, Matrix",9,17
446,Convert Binary Number in a Linked List to Integer,EASY,"Linked List, Math",9,17
447,Design Snake Game,MEDIUM,"Array, Hash Table, Design, Queue, Simulation",9,17
448,Maximum Number of Occurrences of a Substring,MEDIUM,"Hash Table, String, Sliding Window",9,17
449,Minimum Moves to Equal Array Elements,MEDIUM,"Array, Math",9,17
450,Minimum Swaps to Group All 1's Together II,MEDIUM,"Array, Sliding Window",9,17
451,Number of Ways to Form a Target String Given a Dictionary,HARD,"Array, String, Dynamic Programming",9,17
452,Shortest Word Distance,EASY,"Array, String",9,17
453,Encode and Decode TinyURL,MEDIUM,"Hash Table, String, Design, Hash Function",9,16
454,Graph Valid Tree,MEDIUM,"Depth-First Search, Breadth-First Search, Union-Find, Graph Theory",9,16
455,Smallest String With Swaps,MEDIUM,"Array, Hash Table, String, Depth-First Search, Breadth-First Search, Union-Find, Sorting",9,15
456,Combine Two Tables,EASY,Database,8,27
457,Minimum Number of Refueling Stops,HARD,"Array, Dynamic Programming, Greedy, Heap (Priority Queue)",8,27
458,Partition Array Into Two Arrays to Minimize Sum Difference,HARD,"Array, Two Pointers, Binary Search, Dynamic Programming, Bit Manipulation, Meet in the Middle, Sorting, Ordered Set, Bitmask",8,27
459,Remove Duplicates from Sorted List,EASY,Linked List,8,27
460,Subsets II,MEDIUM,"Array, Backtracking, Bit Manipulation",8,26
461,Balanced Binary Tree,EASY,"Tree, Depth-First Search, Binary Tree",8,25
462,Count Number of Nice Subarrays,MEDIUM,"Array, Hash Table, Math, Sliding Window, Prefix Sum",8,25
463,Divide Two Integers,MEDIUM,"Math, Bit Manipulation",8,25
464,Lemonade Change,EASY,"Array, Greedy",8,23
465,Palindrome Partitioning II,HARD,"String, Dynamic Programming",8,23
466,Combinations,MEDIUM,Backtracking,8,22
467,Maximum Width of Binary Tree,MEDIUM,"Tree, Depth-First Search, Breadth-First Search, Binary Tree",8,22
468,Permutation Sequence,HARD,"Math, Recursion",8,22
469,Shortest Subarray with Sum at Least K,HARD,"Array, Binary Search, Queue, Sliding Window, Heap (Priority Queue), Prefix Sum, Monotonic Queue",8,22
470,Create Hello World Function,EASY,"JavaScript, Function",8,21
471,H-Index,MEDIUM,"Array, Sorting, Counting Sort",8,21
472,IPO,HARD,"Array, Greedy, Sorting, Heap (Priority Queue)",8,21
473,Maximum Sum of Distinct Subarrays With Length K,MEDIUM,"Array, Hash Table, Sliding Window",8,21
474,Shortest Palindrome,HARD,"String, Rolling Hash, String Matching, Hash Function, Manacher, Z Algorithm, Knuth–Morris–Pratt Algorithm",8,21
475,Sum of Two Integers,MEDIUM,"Math, Bit Manipulation",8,21
476,Valid Perfect Square,EASY,"Math, Binary Search",8,21
477,Best Time to Buy and Sell Stock with Cooldown,MEDIUM,"Array, Dynamic Programming",8,20
478,Online Stock Span,MEDIUM,"Stack, Design, Monotonic Stack, Data Stream",8,20
479,Populating Next Right Pointers in Each Node,MEDIUM,"Linked List, Tree, Depth-First Search, Breadth-First Search, Binary Tree",8,20
480,Valid Triangle Number,MEDIUM,"Array, Two Pointers, Binary Search, Greedy, Sorting",8,20
481,132 Pattern,MEDIUM,"Array, Binary Search, Stack, Monotonic Stack, Ordered Set",8,19
482,Keys and Rooms,MEDIUM,"Depth-First Search, Breadth-First Search, Graph Theory",8,19
483,Maximum Product of Two Elements in an Array,EASY,"Array, Sorting, Heap (Priority Queue)",8,19
484,Number of Atoms,HARD,"Hash Table, String, Stack, Sorting",8,19
485,Number of Good Pairs,EASY,"Array, Hash Table, Math, Counting",8,19
486,Valid Number,HARD,String,8,19
487,Binary Tree Paths,EASY,"String, Backtracking, Tree, Depth-First Search, Binary Tree",8,18
488,Exchange Seats,MEDIUM,Database,8,18
489,Longest Subarray of 1's After Deleting One Element,MEDIUM,"Array, Dynamic Programming, Sliding Window",8,18
490,Maximum Units on a Truck,EASY,"Array, Greedy, Sorting",8,18
491,Number of Islands II,HARD,"Array, Hash Table, Union-Find",8,18
492,Recover Binary Search Tree,MEDIUM,"Tree, Depth-First Search, Binary Search Tree, Binary Tree",8,18
493,Remove Sub-Folders from the Filesystem,MEDIUM,"Array, String, Depth-First Search, Trie",8,18
494,Verifying an Alien Dictionary,EASY,"Array, Hash Table, String",8,18
495,Word Pattern,EASY,"Hash Table, String",8,18
496,Design A Leaderboard,MEDIUM,"Hash Table, Design, Sorting",8,17
497,Excel Sheet Column Number,EASY,"Math, String",8,17
498,Find the Safest Path in a Grid,MEDIUM,"Array, Binary Search, Breadth-First Search, Union-Find, Heap (Priority Queue), Matrix",8,17
499,Maximum Palindromes After Operations,MEDIUM,"Array, Hash Table, String, Greedy, Sorting, Counting",8,17
500,Maximum Swap,MEDIUM,"Math, Greedy",8,17
501,Merge In Between Linked Lists,MEDIUM,Linked List,8,17
502,Minimum Falling Path Sum,MEDIUM,"Array, Dynamic Programming, Matrix",8,17
503,Nth Digit,MEDIUM,"Math, Binary Search",8,17
504,Partition to K Equal Sum Subsets,MEDIUM,"Array, Dynamic Programming, Backtracking, Bit Manipulation, Memoization, Bitmask",8,17
505,Reach a Number,MEDIUM,"Math, Binary Search",8,17
506,Subtree of Another Tree,EASY,"Tree, Depth-First Search, String Matching, Binary Tree, Hash Function",8,17
507,Design Excel Sum Formula,HARD,"Array, Hash Table, String, Graph Theory, Design, Topological Sort, Matrix",8,16
508,Merge Two Binary Trees,EASY,"Tree, Depth-First Search, Breadth-First Search, Binary Tree",8,16
509,Put Marbles in Bags,HARD,"Array, Greedy, Sorting, Heap (Priority Queue)",8,16
510,Rearranging Fruits,HARD,"Array, Hash Table, Greedy, Sort",8,16
511,Water and Jug Problem,MEDIUM,"Math, Depth-First Search, Breadth-First Search, Bézout's Lemma, Euclidean Algorithm, Greatest Common Divisor, Extended Euclidean Algorithm",8,16
512,Check if a Parentheses String Can Be Valid,MEDIUM,"String, Stack, Greedy, Bracket Sequences",8,15
513,Count Ways To Build Good Strings,MEDIUM,Dynamic Programming,8,15
514,Create Maximum Number,HARD,"Array, Two Pointers, Stack, Greedy, Monotonic Stack",8,15
515,Design a Text Editor,HARD,"Linked List, String, Stack, Design, Simulation, Doubly-Linked List",8,15
516,Find Largest Value in Each Tree Row,MEDIUM,"Tree, Depth-First Search, Breadth-First Search, Binary Tree",8,15
517,Minimum Area Rectangle,MEDIUM,"Array, Hash Table, Math, Geometry, Sorting",8,15
518,Number of Black Blocks,MEDIUM,"Array, Hash Table, Enumeration",8,15
519,Number of Steps to Reduce a Number in Binary Representation to One,MEDIUM,"String, Bit Manipulation, Simulation",8,15
520,Number of Ways to Paint N × 3 Grid,HARD,"Dynamic Programming, Graph Coloring",8,15
521,Rabbits in Forest,MEDIUM,"Array, Hash Table, Math, Greedy",8,15
522,Valid Word,EASY,String,8,15
523,Minimum Absolute Difference Between Elements With Constraint,MEDIUM,"Array, Binary Search, Ordered Set",8,14
524,Palindrome Pairs,HARD,"Array, Hash Table, String, Trie, Hash Function",8,14
525,Design Skiplist,HARD,"Linked List, Design",8,12
526,Concatenation of Array,EASY,"Array, Simulation",7,29
527,Rank Transform of an Array,EASY,"Array, Hash Table, Sorting",7,26
528,Set Mismatch,EASY,"Array, Hash Table, Bit Manipulation, Sorting",7,25
529,Binary Tree Inorder Traversal,EASY,"Stack, Tree, Depth-First Search, Binary Tree",7,23
530,First Bad Version,EASY,"Binary Search, Interactive",7,23
531,Maximum Length Substring With Two Occurrences,EASY,"Hash Table, String, Sliding Window",7,23
532,Find the Highest Altitude,EASY,"Array, Prefix Sum",7,22
533,Range Sum Query - Immutable,EASY,"Array, Design, Prefix Sum",7,22
534,Students and Examinations,EASY,Database,7,22
535,Final Prices With a Special Discount in a Shop,EASY,"Array, Stack, Monotonic Stack",7,21
536,Length of Last Word,EASY,String,7,21
537,Average Time of Process per Machine,EASY,Database,7,20
538,Duplicate Emails,EASY,Database,7,20
539,Minimum Difficulty of a Job Schedule,HARD,"Array, Dynamic Programming",7,20
540,Monthly Transactions I,MEDIUM,Database,7,20
541,Rank Scores,MEDIUM,Database,7,20
542,Bulls and Cows,MEDIUM,"Hash Table, String, Counting",7,19
543,Find All Numbers Disappeared in an Array,EASY,"Array, Hash Table",7,19
544,Flatten Binary Tree to Linked List,MEDIUM,"Linked List, Stack, Tree, Depth-First Search, Binary Tree",7,19
545,Greatest Common Divisor of Strings,EASY,"Math, String, Euclidean Algorithm, Greatest Common Divisor",7,19
546,Maximum Gap,MEDIUM,"Array, Sorting, Bucket Sort, Radix Sort, Pigeonhole Principle",7,19
547,Minimum Height Trees,MEDIUM,"Depth-First Search, Breadth-First Search, Graph Theory, Topological Sort",7,19
548,Sum Root to Leaf Numbers,MEDIUM,"Tree, Depth-First Search, Binary Tree",7,19
549,Construct Quad Tree,MEDIUM,"Array, Divide and Conquer, Tree, Matrix",7,18
550,Count Complete Tree Nodes,MEDIUM,"Binary Search, Bit Manipulation, Tree, Binary Tree",7,18
551,Delete the Middle Node of a Linked List,MEDIUM,"Linked List, Two Pointers",7,18
552,Employee Bonus,EASY,Database,7,18
553,Game Play Analysis IV,MEDIUM,Database,7,18
554,Managers with at Least 5 Direct Reports,MEDIUM,Database,7,18
555,Minimum Operations to Reduce an Integer to 0,MEDIUM,"Dynamic Programming, Greedy, Bit Manipulation",7,18
556,Populating Next Right Pointers in Each Node II,MEDIUM,"Linked List, Tree, Depth-First Search, Breadth-First Search, Binary Tree",7,18
557,Single-Threaded CPU,MEDIUM,"Array, Sorting, Heap (Priority Queue)",7,18
558,Sum of Subarray Ranges,MEDIUM,"Array, Stack, Monotonic Stack",7,18
559,Two Sum IV - Input is a BST,EASY,"Hash Table, Two Pointers, Tree, Depth-First Search, Breadth-First Search, Binary Search Tree, Binary Tree",7,18
560,24 Game,HARD,"Array, Math, Backtracking",7,17
561,Count Good Numbers,MEDIUM,"Math, Recursion",7,17
562,Design Underground System,MEDIUM,"Hash Table, String, Design",7,17
563,Expression Add Operators,HARD,"Math, String, Backtracking",7,17
564,Find Numbers with Even Number of Digits,EASY,"Array, Math",7,17
565,Insert into a Binary Search Tree,MEDIUM,"Tree, Binary Search Tree, Binary Tree",7,17
566,Integer Break,MEDIUM,"Math, Dynamic Programming",7,17
567,K-th Symbol in Grammar,MEDIUM,"Math, Bit Manipulation, Recursion",7,17
568,Longest Palindrome,EASY,"Hash Table, String, Greedy",7,17
569,Minimum Add to Make Parentheses Valid,MEDIUM,"String, Stack, Greedy, Bracket Sequences",7,17
570,Minimum Number of Arrows to Burst Balloons,MEDIUM,"Array, Greedy, Sorting",7,17
571,Movie Rating,MEDIUM,Database,7,17
572,Perfect Number,EASY,Math,7,17
573,Rectangle Area,MEDIUM,"Math, Geometry",7,17
574,Single Number III,MEDIUM,"Array, Bit Manipulation",7,17
575,Beautiful Arrangement,MEDIUM,"Array, Dynamic Programming, Backtracking, Bit Manipulation, Bitmask",7,16
576,Binary Search Tree Iterator,MEDIUM,"Stack, Tree, Design, Binary Search Tree, Binary Tree, Iterator",7,16
577,Design Spreadsheet,MEDIUM,"Array, Hash Table, String, Design, Matrix",7,16
578,Distribute Coins in Binary Tree,MEDIUM,"Tree, Depth-First Search, Binary Tree, DP on Trees",7,16
579,Find Eventual Safe States,MEDIUM,"Depth-First Search, Breadth-First Search, Graph Theory, Topological Sort, Kosaraju's Algorithm, Tarjan's SCC Algorithm",7,16
580,Flatten a Multilevel Doubly Linked List,MEDIUM,"Linked List, Depth-First Search, Doubly-Linked List",7,16
581,K-diff Pairs in an Array,MEDIUM,"Array, Hash Table, Two Pointers, Binary Search, Sorting",7,16
582,Loud and Rich,MEDIUM,"Array, Depth-First Search, Graph Theory, Topological Sort, Directed Acyclic Graph",7,16
583,Maximum Nesting Depth of the Parentheses,EASY,"String, Stack, Bracket Sequences",7,16
584,Min Cost Climbing Stairs,EASY,"Array, Dynamic Programming",7,16
585,Product Sales Analysis I,EASY,Database,7,16
586,Repeated DNA Sequences,MEDIUM,"Hash Table, String, Bit Manipulation, Sliding Window, Rolling Hash, Hash Function, Z Algorithm, Boyer–Moore String-Search Algorithm",7,16
587,Ugly Number,EASY,Math,7,16
588,Valid Mountain Array,EASY,Array,7,16
589,Battleships in a Board,MEDIUM,"Array, Depth-First Search, Matrix",7,15
590,Cache With Time Limit,MEDIUM,"JavaScript, Design, Hash Table",7,15
591,Combination Sum IV,MEDIUM,"Array, Dynamic Programming",7,15
592,Construct Binary Tree from Inorder and Postorder Traversal,MEDIUM,"Array, Hash Table, Divide and Conquer, Tree, Binary Tree",7,15
593,Count Elements With Maximum Frequency,EASY,"Array, Hash Table, Counting",7,15
594,Find Smallest Letter Greater Than Target,EASY,"Array, Binary Search",7,15
595,Find the Difference of Two Arrays,EASY,"Array, Hash Table",7,15
596,Guess Number Higher or Lower,EASY,"Binary Search, Interactive",7,15
597,Immediate Food Delivery II,MEDIUM,Database,7,15
598,Invalid Tweets,EASY,Database,7,15
599,Letter Case Permutation,MEDIUM,"String, Backtracking, Bit Manipulation",7,15
600,Longest Duplicate Substring,HARD,"String, Binary Search, Sliding Window, Rolling Hash, Suffix Array, Hash Function, Suffix Automaton, Suffix Tree, Z Algorithm, Boyer–Moore String-Search Algorithm",7,15
601,Make Sum Divisible by P,MEDIUM,"Array, Hash Table, Prefix Sum",7,15
602,Max Number of K-Sum Pairs,MEDIUM,"Array, Hash Table, Two Pointers, Sorting",7,15
603,Minimum Cost to Reach Destination in Time,HARD,"Array, Dynamic Programming, Graph Theory, Dijkstra's Algorithm",7,15
604,Minimum Limit of Balls in a Bag,MEDIUM,"Array, Binary Search",7,15
605,Minimum Number of Increments on Subarrays to Form a Target Array,HARD,"Array, Dynamic Programming, Stack, Greedy, Monotonic Stack",7,15
606,Minimum Number of Operations to Make Array Continuous,HARD,"Array, Hash Table, Binary Search, Sliding Window",7,15
607,N-th Tribonacci Number,EASY,"Math, Dynamic Programming, Memoization",7,15
608,Number of Divisible Triplet Sums,MEDIUM,"Array, Hash Table",7,15
609,Number of Flowers in Full Bloom,HARD,"Array, Hash Table, Binary Search, Sorting, Prefix Sum, Ordered Set",7,15
610,Parallel Courses,MEDIUM,"Graph Theory, Topological Sort, Directed Acyclic Graph",7,15
611,Percentage of Users Attended a Contest,EASY,Database,7,15
612,Rank Teams by Votes,MEDIUM,"Array, Hash Table, String, Sorting, Counting",7,15
613,Restaurant Growth,MEDIUM,Database,7,15
614,Shortest Path to Get All Keys,HARD,"Array, Bit Manipulation, Breadth-First Search, Matrix",7,15
615,Unique Paths III,HARD,"Array, Backtracking, Bit Manipulation, Matrix, Hamiltonian Path",7,15
616,Valid Word Abbreviation,EASY,"Two Pointers, String",7,15
617,2 Keys Keyboard,MEDIUM,"Math, Dynamic Programming",7,14
618,Bitwise ORs of Subarrays,MEDIUM,"Array, Dynamic Programming, Bit Manipulation",7,14
619,Contains Duplicate III,HARD,"Array, Sliding Window, Sorting, Bucket Sort, Ordered Set",7,14
620,Count Number of Maximum Bitwise-OR Subsets,MEDIUM,"Array, Backtracking, Bit Manipulation, Enumeration",7,14
621,Count the Number of Good Subarrays,MEDIUM,"Array, Hash Table, Sliding Window",7,14
622,Create Binary Tree From Descriptions,MEDIUM,"Array, Hash Table, Tree, Binary Tree",7,14
623,Defanging an IP Address,EASY,String,7,14
624,Determine if Two Strings Are Close,MEDIUM,"Hash Table, String, Sorting, Counting",7,14
625,Find Words That Can Be Formed by Characters,EASY,"Array, Hash Table, String, Counting",7,14
626,Find the Closest Palindrome,HARD,"Math, String",7,14
627,Find the Original Typed String I,EASY,String,7,14
628,Invalid Transactions,MEDIUM,"Array, Hash Table, String, Sorting",7,14
629,K-th Smallest in Lexicographical Order,HARD,Trie,7,14
630,Longest Cycle in a Graph,HARD,"Depth-First Search, Breadth-First Search, Graph Theory, Topological Sort, Kosaraju's Algorithm, Tarjan's SCC Algorithm",7,14
631,Matchsticks to Square,MEDIUM,"Array, Dynamic Programming, Backtracking, Bit Manipulation, Bitmask",7,14
632,Max Chunks To Make Sorted,MEDIUM,"Array, Stack, Greedy, Sorting, Monotonic Stack",7,14
633,Maximize Greatness of an Array,MEDIUM,"Array, Two Pointers, Greedy, Sorting",7,14
634,Maximum Score From Removing Substrings,MEDIUM,"String, Stack, Greedy",7,14
635,Maximum Size Subarray Sum Equals k,MEDIUM,"Array, Hash Table, Prefix Sum",7,14
636,Minimum Bit Flips to Convert Number,EASY,Bit Manipulation,7,14
637,Minimum Difference in Sums After Removal of Elements,HARD,"Array, Dynamic Programming, Heap (Priority Queue)",7,14
638,Minimum Operations to Write the Letter Y on a Grid,MEDIUM,"Array, Hash Table, Matrix, Counting",7,14
639,Minimum Time Difference,MEDIUM,"Array, Math, String, Sorting",7,14
640,Nim Game,EASY,"Math, Brainteaser, Minimax, Game Theory, Nim Game, Impartial Game",7,14
641,Number of Adjacent Elements With the Same Color,MEDIUM,Array,7,14
642,Paint House,MEDIUM,"Array, Dynamic Programming",7,14
643,Painting a Grid With Three Different Colors,HARD,"Dynamic Programming, Graph Coloring",7,14
644,Parsing A Boolean Expression,HARD,"String, Stack, Recursion",7,14
645,Power Grid Maintenance,MEDIUM,"Array, Hash Table, Depth-First Search, Breadth-First Search, Union-Find, Graph Theory, Heap (Priority Queue), Ordered Set",7,14
646,Robot Room Cleaner,HARD,"Backtracking, Interactive",7,14
647,Serialize and Deserialize N-ary Tree,HARD,"String, Tree, Depth-First Search, Breadth-First Search",7,14
648,Sliding Puzzle,HARD,"Array, Dynamic Programming, Backtracking, Breadth-First Search, Memoization, Matrix, Heuristic Search, Bidirectional Search, A* Search",7,14
649,As Far from Land as Possible,MEDIUM,"Array, Dynamic Programming, Breadth-First Search, Matrix",7,13
650,Brightest Position on Street,MEDIUM,"Array, Sorting, Prefix Sum, Ordered Set",7,13
651,Check If Array Pairs Are Divisible by k,MEDIUM,"Array, Hash Table, Counting",7,13
652,Count the Number of Fair Pairs,MEDIUM,"Array, Two Pointers, Binary Search, Sorting",7,13
653,Couples Holding Hands,HARD,"Greedy, Depth-First Search, Breadth-First Search, Union-Find, Graph Theory",7,13
654,Detonate the Maximum Bombs,MEDIUM,"Array, Math, Depth-First Search, Breadth-First Search, Graph Theory, Geometry",7,13
655,Find Winner on a Tic Tac Toe Game,EASY,"Array, Hash Table, Matrix, Simulation",7,13
656,Greatest Sum Divisible by Three,MEDIUM,"Array, Dynamic Programming, Greedy, Sorting",7,13
657,Grumpy Bookstore Owner,MEDIUM,"Array, Sliding Window",7,13
658,House Robber IV,MEDIUM,"Array, Binary Search, Dynamic Programming, Greedy",7,13
659,Jump Game VI,MEDIUM,"Array, Dynamic Programming, Queue, Heap (Priority Queue), Monotonic Queue",7,13
660,Length of Longest Fibonacci Subsequence,MEDIUM,"Array, Hash Table, Dynamic Programming",7,13
661,Lexicographically Minimum String After Removing Stars,MEDIUM,"Hash Table, String, Stack, Greedy, Heap (Priority Queue)",7,13
662,Long Pressed Name,EASY,"Two Pointers, String",7,13
663,Longest Happy String,MEDIUM,"String, Greedy, Heap (Priority Queue)",7,13
664,Longest Strictly Increasing or Strictly Decreasing Subarray,EASY,Array,7,13
665,Maximum 69 Number,EASY,"Math, Greedy",7,13
666,Maximum Earnings From Taxi,MEDIUM,"Array, Hash Table, Binary Search, Dynamic Programming, Sorting",7,13
667,Maximum Total Damage With Spell Casting,MEDIUM,"Array, Hash Table, Two Pointers, Binary Search, Dynamic Programming, Sorting, Counting",7,13
668,Minimum Increment to Make Array Unique,MEDIUM,"Array, Greedy, Sorting, Counting",7,13
669,Number of Connected Components in an Undirected Graph,MEDIUM,"Depth-First Search, Breadth-First Search, Union-Find, Graph Theory",7,13
670,Number of Matching Subsequences,MEDIUM,"Array, Hash Table, String, Binary Search, Dynamic Programming, Trie, Sorting",7,13
671,Pairs of Songs With Total Durations Divisible by 60,MEDIUM,"Array, Hash Table, Counting",7,13
672,Range Module,HARD,"Design, Segment Tree, Ordered Set",7,13
673,Reverse Substrings Between Each Pair of Parentheses,MEDIUM,"String, Stack, Bracket Sequences",7,13
674,Robot Collisions,HARD,"Array, Stack, Sorting, Simulation",7,13
675,Sort Array By Parity,EASY,"Array, Two Pointers, Sorting",7,13
676,Successful Pairs of Spells and Potions,MEDIUM,"Array, Two Pointers, Binary Search, Sorting",7,13
677,Sum of Distances in Tree,HARD,"Dynamic Programming, Tree, Depth-First Search, Graph Theory, DP on Trees",7,13
678,Tree Diameter,MEDIUM,"Tree, Depth-First Search, Breadth-First Search, Graph Theory, Topological Sort, DP on Trees",7,13
679,Web Crawler Multithreaded,MEDIUM,"Depth-First Search, Breadth-First Search, Concurrency",7,13
680,Divide Intervals Into Minimum Number of Groups,MEDIUM,"Array, Two Pointers, Greedy, Sorting, Heap (Priority Queue), Prefix Sum",7,12
681,Exam Room,MEDIUM,"Design, Heap (Priority Queue), Ordered Set",7,12
682,Finding Pairs With a Certain Sum,MEDIUM,"Array, Hash Table, Design",7,12
683,Height Checker,EASY,"Array, Sorting, Counting Sort, Bubble Sort",7,12
684,Minimum Cost Path with Edge Reversals,MEDIUM,"Graph Theory, Heap (Priority Queue), Shortest Path",7,12
685,Minimum Insertion Steps to Make a String Palindrome,HARD,"String, Dynamic Programming",7,12
686,Power of Four,EASY,"Math, Bit Manipulation, Recursion",7,12
687,Zuma Game,HARD,"String, Dynamic Programming, Stack, Breadth-First Search, Memoization",7,12
688,Count Unguarded Cells in the Grid,MEDIUM,"Array, Matrix, Simulation",7,11
689,Strong Password Checker,HARD,"String, Greedy, Heap (Priority Queue)",7,11
690,One Edit Distance,MEDIUM,"Two Pointers, String",7,10
691,Running Sum of 1d Array,EASY,"Array, Prefix Sum",6,27
692,Recyclable and Low Fat Products,EASY,Database,6,24
693,Customers Who Never Order,EASY,Database,6,21
694,Customer Who Visited but Did Not Make Any Transactions,EASY,Database,6,20
695,Kids With the Greatest Number of Candies,EASY,Array,6,20
696,Largest Divisible Subset,MEDIUM,"Array, Math, Dynamic Programming, Sorting",6,20
697,Rearrange Array Elements by Sign,MEDIUM,"Array, Two Pointers, Simulation",6,20
698,Find Missing and Repeated Values,EASY,"Array, Hash Table, Math, Matrix",6,19
699,Average Selling Price,EASY,Database,6,18
700,Find the Difference,EASY,"Hash Table, String, Bit Manipulation, Sorting",6,18
701,Find the Number of Subsequences With Equal GCD,HARD,"Array, Math, Dynamic Programming, Number Theory, Euclidean Algorithm, Greatest Common Divisor",6,18
702,Increasing Triplet Subsequence,MEDIUM,"Array, Greedy, Longest Increasing Subsequence",6,18
703,Last Person to Fit in the Bus,MEDIUM,Database,6,18
704,Remove Outermost Parentheses,EASY,"String, Stack, Bracket Sequences",6,18
705,Smallest Divisible Digit Product I,EASY,"Math, Enumeration",6,18
706,Binary Subarrays With Sum,MEDIUM,"Array, Hash Table, Sliding Window, Prefix Sum",6,17
707,Domino and Tromino Tiling,MEDIUM,Dynamic Programming,6,17
708,Minimum Depth of Binary Tree,EASY,"Tree, Depth-First Search, Breadth-First Search, Binary Tree",6,17
709,Number of Substrings Containing All Three Characters,MEDIUM,"Hash Table, String, Sliding Window",6,17
710,Step-By-Step Directions From a Binary Tree Node to Another,MEDIUM,"String, Tree, Depth-First Search, Binary Tree, Binary Lifting, Lowest Common Ancestor",6,17
711,How Many Numbers Are Smaller Than the Current Number,EASY,"Array, Hash Table, Sorting, Counting Sort",6,16
712,Lexicographical Numbers,MEDIUM,"Depth-First Search, Trie",6,16
713,Minimum Cost to Cut a Stick,HARD,"Array, Dynamic Programming, Sorting",6,16
714,Product Price at a Given Date,MEDIUM,Database,6,16
715,Range Sum of BST,EASY,"Tree, Depth-First Search, Binary Search Tree, Binary Tree",6,16
716,Remove Covered Intervals,MEDIUM,"Array, Sorting",6,16
717,Shuffle the Array,EASY,Array,6,16
718,Check if the Sentence Is Pangram,EASY,"Hash Table, String",6,15
719,Cherry Pickup II,HARD,"Array, Dynamic Programming, Matrix",6,15
720,Construct Binary Search Tree from Preorder Traversal,MEDIUM,"Array, Stack, Tree, Binary Search Tree, Monotonic Stack, Binary Tree",6,15
721,Counter,EASY,"JavaScript, Function, Closure",6,15
722,Find Leaves of Binary Tree,MEDIUM,"Tree, Depth-First Search, Binary Tree, DP on Trees",6,15
723,Find the Prefix Common Array of Two Arrays,MEDIUM,"Array, Hash Table, Bit Manipulation",6,15
724,Game Play Analysis I,EASY,Database,6,15
725,Length of Longest Subarray With at Most K Frequency,MEDIUM,"Array, Hash Table, Sliding Window",6,15
726,Make Lexicographically Smallest Array by Swapping Elements,MEDIUM,"Array, Union-Find, Sorting",6,15
727,Maximum Candies Allocated to K Children,MEDIUM,"Array, Binary Search",6,15
728,Number of Digit One,HARD,"Math, Dynamic Programming, Recursion",6,15
729,Power of Three,EASY,"Math, Recursion",6,15
730,Recover a Tree From Preorder Traversal,HARD,"String, Tree, Depth-First Search, Binary Tree",6,15
731,Repeated String Match,MEDIUM,"String, String Matching, Z Algorithm, Knuth–Morris–Pratt Algorithm, Boyer–Moore String-Search Algorithm",6,15
732,Reverse String II,EASY,"Two Pointers, String",6,15
733,Rotate Function,MEDIUM,"Array, Math, Dynamic Programming",6,15
734,Search in a Binary Search Tree,EASY,"Tree, Binary Search Tree, Binary Tree",6,15
735,Sum of Square Numbers,MEDIUM,"Math, Two Pointers, Binary Search",6,15
736,Transpose Matrix,EASY,"Array, Matrix, Simulation",6,15
737,Two City Scheduling,MEDIUM,"Array, Greedy, Sorting, Hungarian Algorithm, Successive Shortest Path Algorithm",6,15
738,User Activity for the Past 30 Days I,EASY,Database,6,15
739,Walking Robot Simulation,MEDIUM,"Array, Hash Table, Simulation",6,15
740,Baseball Game,EASY,"Array, Stack, Simulation",6,14
741,Count Paths That Can Form a Palindrome in a Tree,HARD,"Hash Table, Bit Manipulation, Tree, Depth-First Search",6,14
742,Count of Smaller Numbers After Self,HARD,"Array, Binary Search, Divide and Conquer, Binary Indexed Tree, Segment Tree, Merge Sort, Ordered Set, Treap",6,14
743,Defuse the Bomb,EASY,"Array, Sliding Window",6,14
744,Design Parking System,EASY,"Design, Simulation, Counting",6,14
745,Hand of Straights,MEDIUM,"Array, Hash Table, Greedy, Sorting",6,14
746,Investments in 2016,MEDIUM,Database,6,14
747,Maximum Absolute Sum of Any Subarray,MEDIUM,"Array, Dynamic Programming",6,14
748,Maximum Building Height,HARD,"Array, Math, Sorting",6,14
749,Maximum Number of Visible Points,HARD,"Array, Math, Geometry, Sliding Window, Sorting",6,14
750,Maximum Number of Vowels in a Substring of Given Length,MEDIUM,"String, Sliding Window",6,14
751,Maximum Subsequence Score,MEDIUM,"Array, Greedy, Sorting, Heap (Priority Queue)",6,14
752,Maximum Sum of 3 Non-Overlapping Subarrays,HARD,"Array, Dynamic Programming, Sliding Window, Prefix Sum",6,14
753,Maximum Twin Sum of a Linked List,MEDIUM,"Linked List, Two Pointers, Stack",6,14
754,Minimum Cost to Move Chips to The Same Position,EASY,"Array, Math, Greedy",6,14
755,Minimum Genetic Mutation,MEDIUM,"Hash Table, String, Breadth-First Search, Bidirectional Search",6,14
756,Minimum String Length After Removing Substrings,EASY,"String, Stack, Simulation",6,14
757,Monotonic Array,EASY,Array,6,14
758,Nested List Weight Sum,MEDIUM,"Depth-First Search, Breadth-First Search",6,14
759,Pascal's Triangle II,EASY,"Array, Dynamic Programming",6,14
760,Project Employees I,EASY,Database,6,14
761,Push Dominoes,MEDIUM,"Two Pointers, String, Dynamic Programming",6,14
762,Rotated Digits,MEDIUM,"Math, Dynamic Programming",6,14
763,Scramble String,HARD,"String, Dynamic Programming",6,14
764,Split Array With Same Average,HARD,"Array, Hash Table, Math, Dynamic Programming, Bit Manipulation, Meet in the Middle, Bitmask",6,14
765,Sum of Left Leaves,EASY,"Tree, Depth-First Search, Breadth-First Search, Binary Tree",6,14
766,Alternating Groups II,MEDIUM,"Array, Sliding Window",6,13
767,Best Sightseeing Pair,MEDIUM,"Array, Dynamic Programming",6,13
768,Binary Tree Level Order Traversal II,MEDIUM,"Tree, Breadth-First Search, Binary Tree",6,13
769,Brace Expansion,MEDIUM,"String, Backtracking, Stack, Breadth-First Search, Sorting",6,13
770,Champagne Tower,MEDIUM,Dynamic Programming,6,13
771,Consecutive Numbers Sum,HARD,"Math, Enumeration",6,13
772,Count Salary Categories,MEDIUM,Database,6,13
773,Count Square Submatrices with All Ones,MEDIUM,"Array, Dynamic Programming, Matrix",6,13
774,Design Linked List,MEDIUM,"Linked List, Design",6,13
775,Detect Cycles in 2D Grid,MEDIUM,"Array, Depth-First Search, Breadth-First Search, Union-Find, Matrix",6,13
776,Different Ways to Add Parentheses,MEDIUM,"Math, String, Dynamic Programming, Recursion, Memoization, Bracket Sequences",6,13
777,Find Common Characters,EASY,"Array, Hash Table, String",6,13
778,Find Lucky Integer in an Array,EASY,"Array, Hash Table, Counting",6,13
779,Find a Peak Element II,MEDIUM,"Array, Binary Search, Matrix",6,13
780,Find in Mountain Array,HARD,"Array, Binary Search, Interactive, Ternary Search",6,13
781,Flipping an Image,EASY,"Array, Two Pointers, Bit Manipulation, Matrix, Simulation",6,13
782,Largest Odd Number in String,EASY,"Math, String, Greedy",6,13
783,Largest Submatrix With Rearrangements,MEDIUM,"Array, Greedy, Sorting, Matrix",6,13
784,Longest Happy Prefix,HARD,"String, Rolling Hash, String Matching, Hash Function, Z Algorithm, Knuth–Morris–Pratt Algorithm",6,13
785,Maximum Erasure Value,MEDIUM,"Array, Hash Table, Sliding Window",6,13
786,Maximum Number of Balloons,EASY,"Hash Table, String, Counting",6,13
787,Minimum Cost to Make Array Equal,HARD,"Array, Binary Search, Greedy, Sorting, Prefix Sum",6,13
788,Minimum Moves to Spread Stones Over Grid,MEDIUM,"Array, Dynamic Programming, Backtracking, Bit Manipulation, Matrix, Bitmask",6,13
789,Number of People Aware of a Secret,MEDIUM,"Dynamic Programming, Queue, Simulation",6,13
790,Number of Strings That Appear as Substrings in Word,EASY,"Array, String",6,13
791,Number of Sub-arrays of Size K and Average Greater than or Equal to Threshold,MEDIUM,"Array, Sliding Window",6,13
792,Reverse Nodes in Even Length Groups,MEDIUM,Linked List,6,13
793,Reverse Words in a String III,EASY,"Two Pointers, String",6,13
794,Shopping Offers,MEDIUM,"Array, Dynamic Programming, Backtracking, Bit Manipulation, Memoization, Bitmask, Knapsack Problem, Complete Knapsack",6,13
795,The kth Factor of n,MEDIUM,"Math, Number Theory, Prime Factorization",6,13
796,Two Best Non-Overlapping Events,MEDIUM,"Array, Binary Search, Dynamic Programming, Sorting, Heap (Priority Queue)",6,13
797,Arithmetic Slices,MEDIUM,"Array, Dynamic Programming, Sliding Window",6,12
798,Arranging Coins,EASY,"Math, Binary Search",6,12
799,Binary Gap,EASY,Bit Manipulation,6,12
800,Construct Binary Tree from Preorder and Postorder Traversal,MEDIUM,"Array, Hash Table, Divide and Conquer, Tree, Binary Tree",6,12
801,Count Negative Numbers in a Sorted Matrix,EASY,"Array, Binary Search, Matrix",6,12
802,Count Pairs Whose Sum is Less than Target,EASY,"Array, Two Pointers, Binary Search, Sorting",6,12
803,Count the Hidden Sequences,MEDIUM,"Array, Prefix Sum",6,12
804,Design a Stack With Increment Operation,MEDIUM,"Array, Stack, Design",6,12
805,Divide Nodes Into the Maximum Number of Groups,HARD,"Depth-First Search, Breadth-First Search, Union-Find, Graph Theory",6,12
806,Divisor Game,EASY,"Math, Dynamic Programming, Brainteaser, Game Theory, Impartial Game",6,12
807,Factorial Trailing Zeroes,MEDIUM,Math,6,12
808,Fair Candy Swap,EASY,"Array, Hash Table, Binary Search, Sorting",6,12
809,Find N Unique Integers Sum up to Zero,EASY,"Array, Math",6,12
810,Find the Maximum Length of Valid Subsequence II,MEDIUM,"Array, Dynamic Programming",6,12
811,Find the Minimum Amount of Time to Brew Potions,MEDIUM,"Array, Simulation, Prefix Sum",6,12
812,Find the Minimum and Maximum Number of Nodes Between Critical Points,MEDIUM,Linked List,6,12
813,Flatten Deeply Nested Array,MEDIUM,"JavaScript, Array, Recursion",6,12
814,Image Smoother,EASY,"Array, Matrix",6,12
815,Knight Dialer,MEDIUM,Dynamic Programming,6,12
816,Least Number of Unique Integers after K Removals,MEDIUM,"Array, Hash Table, Greedy, Sorting, Counting",6,12
817,Longest Balanced Substring II,MEDIUM,"Hash Table, String, Prefix Sum",6,12
818,Longest Harmonious Subsequence,EASY,"Array, Hash Table, Sliding Window, Sorting, Counting",6,12
819,Longest Substring Of All Vowels in Order,MEDIUM,"String, Sliding Window",6,12
820,Max Sum of a Pair With Equal Sum of Digits,MEDIUM,"Array, Hash Table, Sorting, Heap (Priority Queue)",6,12
821,Maximum Difference Between Increasing Elements,EASY,Array,6,12
822,Maximum Matrix Sum,MEDIUM,"Array, Greedy, Matrix",6,12
823,Maximum Number of Events That Can Be Attended II,HARD,"Array, Binary Search, Dynamic Programming, Sorting",6,12
824,Maximum Population Year,EASY,"Array, Counting, Prefix Sum",6,12
825,Merge Two 2D Arrays by Summing Values,EASY,"Array, Hash Table, Two Pointers",6,12
826,Minimum Cost to Make at Least One Valid Path in a Grid,HARD,"Array, Breadth-First Search, Graph Theory, Heap (Priority Queue), Matrix, Shortest Path, 0-1 BFS, Dijkstra's Algorithm",6,12
827,Minimum Deletions to Make String Balanced,MEDIUM,"String, Dynamic Programming, Stack",6,12
828,Minimum Number of Operations to Move All Balls to Each Box,MEDIUM,"Array, String, Prefix Sum",6,12
829,Minimum Replacements to Sort the Array,HARD,"Array, Math, Greedy",6,12
830,Minimum Time to Repair Cars,MEDIUM,"Array, Binary Search",6,12
831,Number of Ways to Split Array,MEDIUM,"Array, Prefix Sum",6,12
832,Remove Digit From Number to Maximize Result,EASY,"String, Greedy, Enumeration",6,12
833,Smallest Integer Divisible by K,MEDIUM,"Hash Table, Math, Pigeonhole Principle",6,12
834,Smallest Number in Infinite Set,MEDIUM,"Hash Table, Design, Heap (Priority Queue), Ordered Set",6,12
835,Stock Price Fluctuation,MEDIUM,"Hash Table, Design, Heap (Priority Queue), Data Stream, Ordered Set",6,12
836,Swapping Nodes in a Linked List,MEDIUM,"Linked List, Two Pointers",6,12
837,Vowel Spellchecker,MEDIUM,"Array, Hash Table, String",6,12
838,Web Crawler,MEDIUM,"String, Depth-First Search, Breadth-First Search, Interactive",6,12
839,Word Subsets,MEDIUM,"Array, Hash Table, String",6,12
840,Closest Binary Search Tree Value,EASY,"Binary Search, Tree, Depth-First Search, Binary Search Tree, Binary Tree",6,11
841,Closest Prime Numbers in Range,MEDIUM,"Math, Number Theory, Primality Test, Sieve Theory, Prime Number Sieve",6,11
842,Construct K Palindrome Strings,MEDIUM,"Hash Table, String, Greedy, Counting",6,11
843,Count Subarrays Where Max Element Appears at Least K Times,MEDIUM,"Array, Sliding Window",6,11
844,Cousins in Binary Tree,EASY,"Tree, Depth-First Search, Breadth-First Search, Binary Tree",6,11
845,Delete Duplicate Folders in System,HARD,"Array, Hash Table, String, Depth-First Search, Trie, Sorting, Hash Function",6,11
846,Divide an Array Into Subarrays With Minimum Cost I,EASY,"Array, Sorting, Enumeration",6,11
847,Find Bottom Left Tree Value,MEDIUM,"Tree, Depth-First Search, Breadth-First Search, Binary Tree",6,11
848,Find Closest Number to Zero,EASY,Array,6,11
849,Find Servers That Handled Most Number of Requests,HARD,"Array, Heap (Priority Queue), Simulation, Ordered Set",6,11
850,Find Subsequence of Length K With the Largest Sum,EASY,"Array, Hash Table, Sorting, Heap (Priority Queue)",6,11
851,Four Divisors,MEDIUM,"Array, Math, Prime Factorization, Sieve Theory",6,11
852,Human Traffic of Stadium,HARD,Database,6,11
853,Last Substring in Lexicographical Order,HARD,"Two Pointers, String, Lyndon Factorization",6,11
854,Longest Arithmetic Subsequence,MEDIUM,"Array, Hash Table, Binary Search, Dynamic Programming",6,11
855,Longest Nice Subarray,MEDIUM,"Array, Bit Manipulation, Sliding Window",6,11
856,Longest Subarray With Maximum Bitwise AND,MEDIUM,"Array, Bit Manipulation, Brainteaser",6,11
857,Max Difference You Can Get From Changing an Integer,MEDIUM,"Math, Greedy",6,11
858,Maximum Length of Repeated Subarray,MEDIUM,"Array, Binary Search, Dynamic Programming, Sliding Window, Rolling Hash, Hash Function",6,11
859,Maximum Performance of a Team,HARD,"Array, Greedy, Sorting, Heap (Priority Queue)",6,11
860,Maximum Running Time of N Computers,HARD,"Array, Binary Search, Greedy, Sorting",6,11
861,Maximum Value at a Given Index in a Bounded Array,MEDIUM,"Math, Binary Search, Greedy",6,11
862,Memoize,MEDIUM,"JavaScript, Function, Hash Table",6,11
863,Minimize Maximum Pair Sum in Array,MEDIUM,"Array, Two Pointers, Greedy, Sorting",6,11
864,Minimize the Maximum Difference of Pairs,MEDIUM,"Array, Binary Search, Dynamic Programming, Greedy, Sorting",6,11
865,Minimum Difference Between Highest and Lowest of K Scores,EASY,"Array, Sliding Window, Sorting",6,11
866,Minimum Number of Removals to Make Mountain Array,HARD,"Array, Binary Search, Dynamic Programming, Greedy",6,11
867,Minimum Operations to Make Binary Array Elements Equal to One I,MEDIUM,"Array, Bit Manipulation, Queue, Sliding Window, Prefix Sum",6,11
868,Minimum Penalty for a Shop,MEDIUM,"String, Prefix Sum",6,11
869,Minimum Time Visiting All Points,EASY,"Array, Math, Geometry",6,11
870,Most Profitable Path in a Tree,MEDIUM,"Array, Tree, Depth-First Search, Breadth-First Search, Graph Theory",6,11
871,N-Repeated Element in Size 2N Array,EASY,"Array, Hash Table, Pigeonhole Principle",6,11
872,Number of Enclaves,MEDIUM,"Array, Depth-First Search, Breadth-First Search, Union-Find, Matrix",6,11
873,Number of Perfect Pairs,MEDIUM,"Array, Math, Two Pointers, Sorting",6,11
874,Number of Steps to Reduce a Number to Zero,EASY,"Math, Bit Manipulation",6,11
875,Number of Sub-arrays With Odd Sum,MEDIUM,"Array, Math, Dynamic Programming, Prefix Sum",6,11
876,Number of Subsequences That Satisfy the Given Sum Condition,MEDIUM,"Array, Two Pointers, Binary Search, Sorting",6,11
877,Relative Sort Array,EASY,"Array, Hash Table, Sorting, Counting Sort, Quicksort, Bubble Sort",6,11
878,Shifting Letters II,MEDIUM,"Array, String, Prefix Sum",6,11
879,Sort the People,EASY,"Array, Hash Table, String, Sorting",6,11
880,String Compression III,MEDIUM,String,6,11
881,Subtract the Product and Sum of Digits of an Integer,EASY,Math,6,11
882,Task Scheduler II,MEDIUM,"Array, Hash Table, Simulation",6,11
883,Time Needed to Buy Tickets,EASY,"Array, Queue, Simulation",6,11
884,Trionic Array II,HARD,"Array, Dynamic Programming",6,11
885,Unique Email Addresses,EASY,"Array, Hash Table, String",6,11
886,Unique Length-3 Palindromic Subsequences,MEDIUM,"Hash Table, String, Bit Manipulation, Prefix Sum",6,11
887,Validate Stack Sequences,MEDIUM,"Array, Stack, Simulation",6,11
888,Count Prefix and Suffix Pairs I,EASY,"Array, String, Trie, Rolling Hash, String Matching, Hash Function",6,10
889,Count the Number of Infection Sequences,HARD,"Array, Math, Combinatorics, Fermat's Little Theorem",6,10
890,Find Duplicate File in System,MEDIUM,"Array, Hash Table, String",6,10
891,Find the Longest Substring Containing Vowels in Even Counts,MEDIUM,"Hash Table, String, Bit Manipulation, Prefix Sum",6,10
892,Group the People Given the Group Size They Belong To,MEDIUM,"Array, Hash Table, Greedy",6,10
893,Longest Palindrome by Concatenating Two Letter Words,MEDIUM,"Array, Hash Table, String, Greedy, Counting",6,10
894,Minimized Maximum of Products Distributed to Any Store,MEDIUM,"Array, Binary Search, Greedy",6,10
895,Minimum Changes To Make Alternating Binary String,EASY,String,6,10
896,Minimum Cost Walk in Weighted Graph,HARD,"Array, Bit Manipulation, Union-Find, Graph Theory",6,10
897,Remove Zero Sum Consecutive Nodes from Linked List,MEDIUM,"Hash Table, Linked List",6,10
898,Smallest Missing Non-negative Integer After Operations,MEDIUM,"Array, Hash Table, Math, Greedy",6,10
899,Ways to Make a Fair Array,MEDIUM,"Array, Prefix Sum",6,10
900,Course Schedule III,HARD,"Array, Greedy, Sorting, Heap (Priority Queue)",6,9
901,Inorder Successor in BST,MEDIUM,"Tree, Depth-First Search, Binary Search Tree, Binary Tree",6,9
902,Kth Smallest Number in Multiplication Table,HARD,"Math, Binary Search",6,9
903,Maximal Score After Applying K Operations,MEDIUM,"Array, Greedy, Heap (Priority Queue)",6,9
904,Minimum Deletions to Make Character Frequencies Unique,MEDIUM,"Hash Table, String, Greedy, Sorting",6,9
905,Smallest Palindromic Rearrangement I,MEDIUM,"String, Sorting, Counting Sort",5,20
906,Find Customer Referee,EASY,Database,5,19
907,Maximize Active Section with Trade I,MEDIUM,"String, Enumeration",5,19
908,Partition List,MEDIUM,"Linked List, Two Pointers",5,18
909,Single Number II,MEDIUM,"Array, Bit Manipulation",5,18
910,Stone Game,MEDIUM,"Array, Math, Dynamic Programming, Minimax, Game Theory, Zero-Sum Game",5,18
911,Sequential Digits,MEDIUM,Enumeration,5,17
912,Triangle Judgement,EASY,Database,5,17
913,Can Make Arithmetic Progression From Sequence,EASY,"Array, Sorting",5,16
914,Count Subarrays With Majority Element I,MEDIUM,"Array, Hash Table, Divide and Conquer, Segment Tree, Merge Sort, Counting, Prefix Sum",5,16
915,Maximum XOR of Two Numbers in an Array,MEDIUM,"Array, Hash Table, Bit Manipulation, Trie",5,16
916,Stone Game II,MEDIUM,"Array, Math, Dynamic Programming, Minimax, Prefix Sum, Game Theory, Zero-Sum Game",5,16
917,Big Countries,EASY,Database,5,15
918,Binary Tree Preorder Traversal,EASY,"Stack, Tree, Depth-First Search, Binary Tree",5,15
919,Find Missing Elements,EASY,"Array, Hash Table, Sorting",5,15
920,Find if Path Exists in Graph,EASY,"Depth-First Search, Breadth-First Search, Union-Find, Graph Theory",5,15
921,Jewels and Stones,EASY,"Hash Table, String",5,15
922,Robot Return to Origin,EASY,"String, Simulation",5,15
923,Smallest Divisible Digit Product II,HARD,"Math, String, Backtracking, Greedy, Number Theory",5,15
924,Sum of Beauty of All Substrings,MEDIUM,"Hash Table, String, Counting",5,15
925,Unique Binary Search Trees II,MEDIUM,"Dynamic Programming, Backtracking, Tree, Binary Search Tree, Binary Tree",5,15
926,Analyze User Website Visit Pattern,MEDIUM,"Array, Hash Table, String, Sorting",5,14
927,Array Partition,EASY,"Array, Greedy, Sorting, Counting Sort",5,14
928,Count of Range Sum,HARD,"Array, Binary Search, Divide and Conquer, Binary Indexed Tree, Segment Tree, Merge Sort, Ordered Set, Treap",5,14
929,Find the Maximum Number of Elements in Subset,MEDIUM,"Array, Hash Table, Enumeration",5,14
930,Last Stone Weight II,MEDIUM,"Array, Dynamic Programming, Knapsack Problem, 0-1 Knapsack",5,14
931,Not Boring Movies,EASY,Database,5,14
932,Number of Longest Increasing Subsequence,MEDIUM,"Array, Dynamic Programming, Binary Indexed Tree, Segment Tree, Longest Increasing Subsequence",5,14
933,Partition Array According to Given Pivot,MEDIUM,"Array, Two Pointers, Simulation",5,14
934,Partition Array for Maximum Sum,MEDIUM,"Array, Dynamic Programming",5,14
935,Product Sales Analysis III,MEDIUM,Database,5,14
936,Richest Customer Wealth,EASY,"Array, Matrix",5,14
937,Build Array from Permutation,EASY,"Array, Simulation",5,13
938,Create a DataFrame from List,EASY,"Pandas, DataFrame",5,13
939,Insertion Sort List,MEDIUM,"Linked List, Sorting",5,13
940,Jump Game IV,HARD,"Array, Hash Table, Breadth-First Search",5,13
941,Maximum Good Subarray Sum,MEDIUM,"Array, Hash Table, Prefix Sum",5,13
942,Number of Students Unable to Eat Lunch,EASY,"Array, Stack, Queue, Simulation",5,13
943,Ones and Zeroes,MEDIUM,"Array, String, Dynamic Programming, Knapsack Problem, 0-1 Knapsack",5,13
944,Painting the Walls,HARD,"Array, Dynamic Programming",5,13
945,Path Existence Queries in a Graph I,MEDIUM,"Array, Hash Table, Binary Search, Union-Find, Graph Theory",5,13
946,Primary Department for Each Employee,EASY,Database,5,13
947,Queries Quality and Percentage,EASY,Database,5,13
948,Sell Diminishing-Valued Colored Balls,MEDIUM,"Array, Math, Binary Search, Greedy, Sorting, Heap (Priority Queue)",5,13
949,Split a String in Balanced Strings,EASY,"String, Greedy, Counting",5,13
950,All Paths From Source to Target,MEDIUM,"Backtracking, Depth-First Search, Breadth-First Search, Graph Theory, Directed Acyclic Graph",5,12
951,Array Prototype Last,EASY,"JavaScript, Array",5,12
952,Brick Wall,MEDIUM,"Array, Hash Table",5,12
953,Calculate Amount Paid in Taxes,EASY,"Array, Simulation",5,12
954,Continuous Subarrays,MEDIUM,"Array, Queue, Sliding Window, Heap (Priority Queue), Ordered Set, Monotonic Queue",5,12
955,Corporate Flight Bookings,MEDIUM,"Array, Prefix Sum",5,12
956,Count Good Nodes in Binary Tree,MEDIUM,"Tree, Depth-First Search, Breadth-First Search, Binary Tree",5,12
957,Department Highest Salary,MEDIUM,Database,5,12
958,Design Task Manager,MEDIUM,"Hash Table, Design, Heap (Priority Queue), Ordered Set",5,12
959,Detect Squares,MEDIUM,"Array, Hash Table, Design, Counting, Data Stream",5,12
960,Find Common Elements Between Two Arrays,EASY,"Array, Hash Table",5,12
961,Find Minimum in Rotated Sorted Array II,HARD,"Array, Binary Search",5,12
962,Find Original Array From Doubled Array,MEDIUM,"Array, Hash Table, Greedy, Sorting",5,12
963,Find the K-th Character in String Game I,EASY,"Math, Bit Manipulation, Recursion, Simulation",5,12
964,Length of Longest V-Shaped Diagonal Segment,HARD,"Array, Dynamic Programming, Memoization, Matrix",5,12
965,Maximum Sum BST in Binary Tree,HARD,"Dynamic Programming, Tree, Depth-First Search, Binary Search Tree, Binary Tree, DP on Trees",5,12
966,Maximum Xor Product,MEDIUM,"Math, Greedy, Bit Manipulation",5,12
967,Minimum Cost of Buying Candies With Discount,EASY,"Array, Greedy, Sorting",5,12
968,Minimum Moves to Make Array Complementary,MEDIUM,"Array, Hash Table, Prefix Sum",5,12
969,Minimum Number of Flips to Make the Binary String Alternating,MEDIUM,"String, Dynamic Programming, Sliding Window",5,12
970,Minimum Time to Complete Trips,MEDIUM,"Array, Binary Search",5,12
971,Move Pieces to Obtain a String,MEDIUM,"Two Pointers, String",5,12
972,New 21 Game,MEDIUM,"Math, Dynamic Programming, Sliding Window, Probability and Statistics",5,12
973,Number of Unique XOR Triplets I,MEDIUM,"Array, Math, Bit Manipulation",5,12
974,Number of ZigZag Arrays I,HARD,"Dynamic Programming, Prefix Sum",5,12
975,Reorder Routes to Make All Paths Lead to the City Zero,MEDIUM,"Depth-First Search, Breadth-First Search, Graph Theory",5,12
976,Shuffle an Array,MEDIUM,"Array, Math, Design, Randomized",5,12
977,Solving Questions With Brainpower,MEDIUM,"Array, Dynamic Programming",5,12
978,The Number of Employees Which Report to Each Employee,EASY,Database,5,12
979,Unique Number of Occurrences,EASY,"Array, Hash Table",5,12
980,Balance a Binary Search Tree,MEDIUM,"Divide and Conquer, Greedy, Tree, Depth-First Search, Binary Search Tree, Binary Tree",5,11
981,Binary Tree Postorder Traversal,EASY,"Stack, Tree, Depth-First Search, Binary Tree",5,11
982,Binary Watch,EASY,"Backtracking, Bit Manipulation",5,11
983,Buddy Strings,EASY,"Hash Table, String",5,11
984,Check If N and Its Double Exist,EASY,"Array, Hash Table, Two Pointers, Binary Search, Sorting",5,11
985,Check If a String Contains All Binary Codes of Size K,MEDIUM,"Hash Table, String, Bit Manipulation, Rolling Hash, Hash Function, Directed Acyclic Graph",5,11
986,Complement of Base 10 Integer,EASY,Bit Manipulation,5,11
987,Confirmation Rate,MEDIUM,Database,5,11
988,Count Odd Numbers in an Interval Range,EASY,Math,5,11
989,Count Partitions with Even Sum Difference,EASY,"Array, Math, Prefix Sum",5,11
990,Custom Sort String,MEDIUM,"Hash Table, String, Sorting",5,11
991,Elimination Game,MEDIUM,"Math, Recursion",5,11
992,Find Kth Bit in Nth Binary String,MEDIUM,"String, Recursion, Simulation",5,11
993,Find Minimum Time to Finish All Jobs,HARD,"Array, Dynamic Programming, Backtracking, Bit Manipulation, Bitmask",5,11
994,Find Resultant Array After Removing Anagrams,EASY,"Array, Hash Table, String, Sorting",5,11
995,Find Score of an Array After Marking All Elements,MEDIUM,"Array, Hash Table, Sorting, Heap (Priority Queue), Simulation",5,11
996,Find Unique Binary String,MEDIUM,"Array, Hash Table, String, Backtracking",5,11
997,Find Words Containing Character,EASY,"Array, String",5,11
998,Finding 3-Digit Even Numbers,EASY,"Array, Hash Table, Recursion, Sorting, Enumeration",5,11
999,Fix Names in a Table,EASY,Database,5,11
1000,Gray Code,MEDIUM,"Math, Backtracking, Bit Manipulation",5,11
1001,Longest Continuous Increasing Subsequence,EASY,Array,5,11
1002,Make The String Great,EASY,"String, Stack",5,11
1003,Maximum Ice Cream Bars,MEDIUM,"Array, Greedy, Sorting, Counting Sort",5,11
1004,Maximum Length of a Concatenated String with Unique Characters,MEDIUM,"Array, String, Backtracking, Bit Manipulation",5,11
1005,Maximum Number of Points From Grid Queries,HARD,"Array, Two Pointers, Breadth-First Search, Union-Find, Sorting, Heap (Priority Queue), Matrix",5,11
1006,Minimum Initial Energy to Finish Tasks,HARD,"Array, Greedy, Sorting",5,11
1007,Minimum Number Game,EASY,"Array, Sorting, Heap (Priority Queue), Simulation",5,11
1008,Number of Closed Islands,MEDIUM,"Array, Depth-First Search, Breadth-First Search, Union-Find, Matrix",5,11
1009,Queue Reconstruction by Height,MEDIUM,"Array, Binary Indexed Tree, Segment Tree, Sorting",5,11
1010,Reshape the Matrix,EASY,"Array, Matrix, Simulation",5,11
1011,Self Dividing Numbers,EASY,Math,5,11
1012,Shortest Common Supersequence,HARD,"String, Dynamic Programming, Longest Common Subsequence",5,11
1013,The k-th Lexicographical String of All Happy Strings of Length n,MEDIUM,"String, Backtracking",5,11
1014,Two Furthest Houses With Different Colors,EASY,"Array, Greedy",5,11
1015,Wiggle Sort II,MEDIUM,"Array, Divide and Conquer, Greedy, Sorting, Quickselect",5,11
1016,3Sum Smaller,MEDIUM,"Array, Two Pointers, Binary Search, Sorting",5,10
1017,All Possible Full Binary Trees,MEDIUM,"Dynamic Programming, Tree, Recursion, Memoization, Binary Tree",5,10
1018,Apply Operations to an Array,EASY,"Array, Two Pointers, Simulation",5,10
1019,Avoid Flood in The City,MEDIUM,"Array, Hash Table, Binary Search, Greedy, Heap (Priority Queue)",5,10
1020,Bitwise AND of Numbers Range,MEDIUM,Bit Manipulation,5,10
1021,Can I Win,MEDIUM,"Math, Dynamic Programming, Bit Manipulation, Memoization, Game Theory, Bitmask",5,10
1022,Check Completeness of a Binary Tree,MEDIUM,"Tree, Breadth-First Search, Binary Tree",5,10
1023,Check if One String Swap Can Make Strings Equal,EASY,"Hash Table, String, Counting",5,10
1024,Cinema Seat Allocation,MEDIUM,"Array, Hash Table, Greedy, Bit Manipulation",5,10
1025,Construct the Minimum Bitwise Array I,EASY,"Array, Bit Manipulation",5,10
1026,Convert a Number to Hexadecimal,EASY,"Math, String, Bit Manipulation",5,10
1027,Count Hills and Valleys in an Array,EASY,Array,5,10
1028,Count Nice Pairs in an Array,MEDIUM,"Array, Hash Table, Math, Counting",5,10
1029,Count Servers that Communicate,MEDIUM,"Array, Depth-First Search, Breadth-First Search, Union-Find, Matrix, Counting",5,10
1030,Count Subarrays With Score Less Than K,HARD,"Array, Binary Search, Sliding Window, Prefix Sum",5,10
1031,Count Subarrays of Length Three With a Condition,EASY,Array,5,10
1032,Count Symmetric Integers,EASY,"Math, Enumeration",5,10
1033,Count Total Number of Colored Cells,MEDIUM,Math,5,10
1034,Count the Number of Arrays with K Matching Adjacent Elements,HARD,"Math, Combinatorics, Fermat's Little Theorem",5,10
1035,Count the Number of Substrings With Dominant Ones,MEDIUM,"String, Enumeration",5,10
1036,Delete Nodes From Linked List Present in Array,MEDIUM,"Array, Hash Table, Linked List",5,10
1037,Design Circular Deque,MEDIUM,"Array, Linked List, Design, Queue",5,10
1038,Design HashSet,EASY,"Array, Hash Table, Linked List, Design, Hash Function",5,10
1039,Divide Array Into Arrays With Max Difference,MEDIUM,"Array, Greedy, Sorting",5,10
1040,Divide Array Into Equal Pairs,EASY,"Array, Hash Table, Bit Manipulation, Counting",5,10
1041,Divide Players Into Teams of Equal Skill,MEDIUM,"Array, Hash Table, Two Pointers, Sorting",5,10
1042,Final Value of Variable After Performing Operations,EASY,"Array, String, Simulation",5,10
1043,Find Followers Count,EASY,Database,5,10
1044,Find X-Sum of All K-Long Subarrays I,EASY,"Array, Hash Table, Sliding Window, Heap (Priority Queue)",5,10
1045,Find the Lexicographically Largest String From the Box I,MEDIUM,"Two Pointers, String, Enumeration",5,10
1046,Find the Original Typed String II,HARD,"String, Dynamic Programming, Prefix Sum",5,10
1047,Flip String to Monotone Increasing,MEDIUM,"String, Dynamic Programming",5,10
1048,Friend Requests II: Who Has the Most Friends,MEDIUM,Database,5,10
1049,Function Composition,EASY,"JavaScript, Function",5,10
1050,Generate Binary Strings Without Adjacent Zeros,MEDIUM,"String, Backtracking, Bit Manipulation",5,10
1051,Implement Rand10() Using Rand7(),MEDIUM,"Math, Rejection Sampling, Randomized, Probability and Statistics",5,10
1052,Kth Largest Sum in a Binary Tree,MEDIUM,"Tree, Breadth-First Search, Sorting, Binary Tree",5,10
1053,Kth Smallest Product of Two Sorted Arrays,HARD,"Array, Binary Search",5,10
1054,Letter Tile Possibilities,MEDIUM,"Hash Table, String, Backtracking, Counting",5,10
1055,Make Array Elements Equal to Zero,EASY,"Array, Simulation, Prefix Sum",5,10
1056,Matrix Diagonal Sum,EASY,"Array, Matrix",5,10
1057,Max Chunks To Make Sorted II,HARD,"Array, Stack, Greedy, Sorting, Monotonic Stack",5,10
1058,Maximize Subarrays After Removing One Conflicting Pair,HARD,"Array, Segment Tree, Enumeration, Prefix Sum",5,10
1059,Maximum Amount of Money Robot Can Earn,MEDIUM,"Array, Dynamic Programming, Matrix",5,10
1060,Maximum Average Pass Ratio,MEDIUM,"Array, Greedy, Heap (Priority Queue)",5,10
1061,Maximum Difference Between Adjacent Elements in a Circular Array,EASY,Array,5,10
1062,Maximum Difference Between Even and Odd Frequency II,HARD,"String, Sliding Window, Enumeration, Prefix Sum",5,10
1063,Maximum Difference Between Node and Ancestor,MEDIUM,"Tree, Depth-First Search, Binary Tree",5,10
1064,Maximum Number of Non-overlapping Palindrome Substrings,HARD,"Two Pointers, String, Dynamic Programming, Greedy",5,10
1065,Maximum Profit From Trading Stocks,MEDIUM,"Array, Dynamic Programming",5,10
1066,Maximum Repeating Substring,EASY,"String, Dynamic Programming, String Matching",5,10
1067,Maximum Unique Subarray Sum After Deletion,EASY,"Array, Hash Table, Greedy",5,10
1068,Minimize Maximum of Array,MEDIUM,"Array, Binary Search, Dynamic Programming, Greedy, Prefix Sum",5,10
1069,Minimum Fuel Cost to Report to the Capital,MEDIUM,"Tree, Depth-First Search, Breadth-First Search, Graph Theory",5,10
1070,Minimum Moves to Equal Array Elements II,MEDIUM,"Array, Math, Sorting",5,10
1071,Minimum Number of Operations to Make Elements in Array Distinct,EASY,"Array, Hash Table",5,10
1072,Minimum Pair Removal to Sort Array I,EASY,"Array, Hash Table, Linked List, Heap (Priority Queue), Simulation, Doubly-Linked List, Ordered Set",5,10
1073,Most Common Word,EASY,"Array, Hash Table, String, Counting",5,10
1074,Number of Subarrays That Match a Pattern I,MEDIUM,"Array, Rolling Hash, String Matching, Hash Function",5,10
1075,Partition Array Into Three Parts With Equal Sum,EASY,"Array, Greedy",5,10
1076,Path with Maximum Gold,MEDIUM,"Array, Backtracking, Matrix",5,10
1077,Read N Characters Given read4 II - Call Multiple Times,HARD,"Array, Simulation, Interactive",5,10
1078,Remove Comments,MEDIUM,"Array, String",5,10
1079,Reordered Power of 2,MEDIUM,"Hash Table, Math, Sorting, Counting, Enumeration",5,10
1080,Reverse Only Letters,EASY,"Two Pointers, String",5,10
1081,Root Equals Sum of Children,EASY,"Tree, Binary Tree",5,10
1082,Score of Parentheses,MEDIUM,"String, Stack, Bracket Sequences",5,10
1083,Set Intersection Size At Least Two,HARD,"Array, Greedy, Sorting",5,10
1084,Similar String Groups,HARD,"Array, Hash Table, String, Depth-First Search, Breadth-First Search, Union-Find",5,10
1085,Smallest Subarrays With Maximum Bitwise OR,MEDIUM,"Array, Binary Search, Bit Manipulation, Sliding Window",5,10
1086,Sort Items by Groups Respecting Dependencies,HARD,"Depth-First Search, Breadth-First Search, Graph Theory, Topological Sort, Directed Acyclic Graph",5,10
1087,Special Array With X Elements Greater Than or Equal X,EASY,"Array, Binary Search, Sorting",5,10
1088,Split Linked List in Parts,MEDIUM,Linked List,5,10
1089,Split Message Based on Limit,HARD,"String, Enumeration",5,10
1090,Sum of All Subset XOR Totals,EASY,"Array, Math, Backtracking, Bit Manipulation, Combinatorics, Enumeration",5,10
1091,Tallest Billboard,HARD,"Array, Dynamic Programming, Meet in the Middle, Knapsack Problem, 0-1 Knapsack",5,10
1092,Teemo Attacking,EASY,"Array, Simulation",5,10
1093,Time Needed to Rearrange a Binary String,MEDIUM,"String, Dynamic Programming, Simulation",5,10
1094,To Be Or Not To Be,EASY,"JavaScript, Function",5,10
1095,Trips and Users,HARD,Database,5,10
1096,Tuple with Same Product,MEDIUM,"Array, Hash Table, Counting",5,10
1097,Zero Array Transformation II,MEDIUM,"Array, Two Pointers, Binary Search, Prefix Sum",5,10
1098,Zero Array Transformation III,MEDIUM,"Array, Two Pointers, Greedy, Sorting, Heap (Priority Queue), Prefix Sum",5,10
1099,Add Two Promises,EASY,"JavaScript, Promise, Asynchronous Programming",5,9
1100,Adding Spaces to a String,MEDIUM,"Array, Two Pointers, String, Simulation",5,9
1101,Alert Using Same Key-Card Three or More Times in a One Hour Period,MEDIUM,"Array, Hash Table, String, Sorting",5,9
1102,Alice and Bob Playing Flower Game,MEDIUM,Math,5,9
1103,Best Time to Buy and Sell Stock using Strategy,MEDIUM,"Array, Sliding Window, Prefix Sum",5,9
1104,Biggest Single Number,EASY,Database,5,9
1105,Binary Tree Pruning,MEDIUM,"Tree, Depth-First Search, Binary Tree",5,9
1106,Break a Palindrome,MEDIUM,"String, Greedy",5,9
1107,Broken Calculator,MEDIUM,"Math, Greedy",5,9
1108,Clear Digits,EASY,"String, Stack, Simulation",5,9
1109,Count Equal and Divisible Pairs in an Array,EASY,Array,5,9
1110,Count Largest Group,EASY,"Hash Table, Math, Counting",5,9
1111,Count Numbers with Unique Digits,MEDIUM,"Math, Dynamic Programming, Backtracking",5,9
1112,Count Square Sum Triples,EASY,"Math, Enumeration",5,9
1113,Course Schedule IV,MEDIUM,"Depth-First Search, Breadth-First Search, Graph Theory, Topological Sort",5,9
1114,Decoded String at Index,MEDIUM,"String, Stack",5,9
1115,Decrypt String from Alphabet to Integer Mapping,EASY,String,5,9
1116,Delete Characters to Make Fancy String,EASY,String,5,9
1117,Distribute Candies Among Children II,MEDIUM,"Math, Combinatorics, Enumeration",5,9
1118,Dota2 Senate,MEDIUM,"String, Greedy, Queue",5,9
1119,Employee Importance,MEDIUM,"Array, Hash Table, Tree, Depth-First Search, Breadth-First Search",5,9
1120,Equal Row and Column Pairs,MEDIUM,"Array, Hash Table, Matrix, Simulation",5,9
1121,Find Building Where Alice and Bob Can Meet,HARD,"Array, Binary Search, Stack, Binary Indexed Tree, Segment Tree, Heap (Priority Queue), Monotonic Stack",5,9
1122,Find the Distance Value Between Two Arrays,EASY,"Array, Two Pointers, Binary Search, Sorting",5,9
1123,Find the Largest Area of Square Inside Two Rectangles,MEDIUM,"Array, Math, Geometry",5,9
1124,Find the Minimum Area to Cover All Ones I,MEDIUM,"Array, Matrix",5,9
1125,Find the Town Judge,EASY,"Array, Hash Table, Graph Theory",5,9
1126,Integer Replacement,MEDIUM,"Dynamic Programming, Greedy, Bit Manipulation, Memoization",5,9
1127,Largest Color Value in a Directed Graph,HARD,"Hash Table, String, Dynamic Programming, Graph Theory, Topological Sort, Memoization, Counting, Directed Acyclic Graph",5,9
1128,Largest Number After Digit Swaps by Parity,EASY,"Sorting, Heap (Priority Queue)",5,9
1129,Largest Positive Integer That Exists With Its Negative,EASY,"Array, Hash Table, Two Pointers, Sorting",5,9
1130,Leaf-Similar Trees,EASY,"Tree, Depth-First Search, Binary Tree",5,9
1131,Lexicographically Smallest Equivalent String,MEDIUM,"String, Union-Find",5,9
1132,Lexicographically Smallest Generated String,HARD,"String, Greedy, String Matching",5,9
1133,Linked List in Binary Tree,MEDIUM,"Linked List, Tree, Depth-First Search, Binary Tree",5,9
1134,Longest Path With Different Adjacent Characters,HARD,"Array, String, Tree, Depth-First Search, Graph Theory, Topological Sort",5,9
1135,Longest Substring with At Most Two Distinct Characters,MEDIUM,"Hash Table, String, Sliding Window",5,9
1136,Longest Univalue Path,MEDIUM,"Tree, Depth-First Search, Binary Tree, DP on Trees",5,9
1137,Magic Squares In Grid,MEDIUM,"Array, Hash Table, Math, Matrix",5,9
1138,Matrix Similarity After Cyclic Shifts,EASY,"Array, Math, Matrix, Simulation",5,9
1139,Max Dot Product of Two Subsequences,HARD,"Array, Dynamic Programming, Longest Common Subsequence",5,9
1140,Maximize Sum Of Array After K Negations,EASY,"Array, Greedy, Sorting",5,9
1141,Maximum Employees to Be Invited to a Meeting,HARD,"Array, Dynamic Programming, Depth-First Search, Graph Theory, Topological Sort, Kosaraju's Algorithm, Tarjan's SCC Algorithm",5,9
1142,Maximum Number of Alloys,MEDIUM,"Array, Binary Search",5,9
1143,Maximum Number of Tasks You Can Assign,HARD,"Array, Two Pointers, Binary Search, Greedy, Queue, Sorting, Monotonic Queue",5,9
1144,Maximum Product of Splitted Binary Tree,MEDIUM,"Tree, Depth-First Search, Binary Tree",5,9
1145,Maximum Value of an Ordered Triplet II,MEDIUM,"Array, Prefix Sum",5,9
1146,Minimize XOR,MEDIUM,"Greedy, Bit Manipulation",5,9
1147,Minimum Array Sum,MEDIUM,"Array, Dynamic Programming",5,9
1148,Minimum Cuts to Divide a Circle,EASY,"Math, Geometry",5,9
1149,Minimum Equal Sum of Two Arrays After Replacing Zeros,MEDIUM,"Array, Greedy",5,9
1150,Minimum Number of Moves to Make Palindrome,HARD,"Two Pointers, String, Greedy, Binary Indexed Tree",5,9
1151,Minimum One Bit Operations to Make Integers Zero,HARD,"Math, Dynamic Programming, Bit Manipulation, Recursion, Memoization",5,9
1152,Minimum Operations to Make a Uni-Value Grid,MEDIUM,"Array, Math, Sorting, Matrix",5,9
1153,Minimum Score Triangulation of Polygon,MEDIUM,"Array, Dynamic Programming, Triangulation, Polygons",5,9
1154,Minimum Sideway Jumps,MEDIUM,"Array, Dynamic Programming, Greedy",5,9
1155,Minimum Window Subsequence,HARD,"String, Dynamic Programming, Sliding Window",5,9
1156,Most Profit Assigning Work,MEDIUM,"Array, Two Pointers, Binary Search, Greedy, Sorting",5,9
1157,Next Greater Numerically Balanced Number,MEDIUM,"Hash Table, Math, Backtracking, Counting, Enumeration",5,9
1158,Non-decreasing Array,MEDIUM,Array,5,9
1159,Number of Changing Keys,EASY,String,5,9
1160,Number of Ways to Arrive at Destination,MEDIUM,"Dynamic Programming, Graph Theory, Topological Sort, Shortest Path, Dijkstra's Algorithm",5,9
1161,Numbers With Same Consecutive Differences,MEDIUM,"Backtracking, Breadth-First Search",5,9
1162,Range Product Queries of Powers,MEDIUM,"Array, Bit Manipulation, Prefix Sum",5,9
1163,Rectangle Overlap,EASY,"Math, Geometry",5,9
1164,Replace Non-Coprime Numbers in Array,HARD,"Array, Math, Stack, Number Theory, Least Common Multiple, Greatest Common Divisor",5,9
1165,Reverse Prefix of Word,EASY,"Two Pointers, String, Stack",5,9
1166,Satisfiability of Equality Equations,MEDIUM,"Array, String, Union-Find, Graph Theory",5,9
1167,Special Array I,EASY,Array,5,9
1168,Spiral Matrix III,MEDIUM,"Array, Matrix, Simulation",5,9
1169,String Matching in an Array,EASY,"Array, String, String Matching",5,9
1170,Substrings of Size Three with Distinct Characters,EASY,"Hash Table, String, Sliding Window, Counting",5,9
1171,Sum of Digits of String After Convert,EASY,"String, Simulation",5,9
1172,Sum of k-Mirror Numbers,HARD,"Math, Enumeration",5,9
1173,Super Egg Drop,HARD,"Math, Binary Search, Dynamic Programming",5,9
1174,Super Ugly Number,MEDIUM,"Array, Math, Dynamic Programming",5,9
1175,Swap Sex of Employees,EASY,Database,5,9
1176,The K Weakest Rows in a Matrix,EASY,"Array, Binary Search, Sorting, Heap (Priority Queue), Matrix",5,9
1177,The Maze II,MEDIUM,"Array, Depth-First Search, Breadth-First Search, Graph Theory, Heap (Priority Queue), Matrix, Shortest Path, Dijkstra's Algorithm, Heuristic Search, A* Search",5,9
1178,The Two Sneaky Numbers of Digitville,EASY,"Array, Hash Table, Math",5,9
1179,Verify Preorder Sequence in Binary Search Tree,MEDIUM,"Array, Stack, Tree, Binary Search Tree, Recursion, Monotonic Stack, Binary Tree",5,9
1180,1-bit and 2-bit Characters,EASY,Array,5,8
1181,Arithmetic Slices II - Subsequence,HARD,"Array, Dynamic Programming",5,8
1182,Check If It Is a Good Array,HARD,"Array, Math, Number Theory, Bézout's Lemma, Euclidean Algorithm, Greatest Common Divisor, Extended Euclidean Algorithm",5,8
1183,Construct the Lexicographically Largest Valid Sequence,MEDIUM,"Array, Backtracking",5,8
1184,Count Good Triplets,EASY,"Array, Enumeration",5,8
1185,Count Sub Islands,MEDIUM,"Array, Depth-First Search, Breadth-First Search, Union-Find, Matrix",5,8
1186,Count the Number of Inversions,HARD,"Array, Dynamic Programming",5,8
1187,Find K-th Smallest Pair Distance,HARD,"Array, Two Pointers, Binary Search, Sorting",5,8
1188,K Inverse Pairs Array,HARD,Dynamic Programming,5,8
1189,Maximum Ascending Subarray Sum,EASY,Array,5,8
1190,Maximum Subarray Sum with One Deletion,MEDIUM,"Array, Dynamic Programming",5,8
1191,Maximum Value of an Ordered Triplet I,EASY,"Array, Prefix Sum",5,8
1192,Minimum Operations to Make the Array Increasing,EASY,"Array, Greedy",5,8
1193,Minimum Time to Collect All Apples in a Tree,MEDIUM,"Hash Table, Tree, Depth-First Search, Breadth-First Search, DP on Trees",5,8
1194,Minimum Total Distance Traveled,HARD,"Array, Dynamic Programming, Sorting",5,8
1195,Sort Array By Parity II,EASY,"Array, Two Pointers, Sorting",5,8
1196,Sum of Distances,MEDIUM,"Array, Hash Table, Prefix Sum",5,8
1197,Type of Triangle,EASY,"Array, Math, Sorting, Polygons",5,8
1198,Word Pattern II,MEDIUM,"Hash Table, String, Backtracking",5,8
1199,Largest 3-Same-Digit Number in String,EASY,String,5,7
1200,Merge Operations to Turn Array Into a Palindrome,MEDIUM,"Array, Two Pointers, Greedy",5,7
1201,Odd String Difference,EASY,"Array, Hash Table, String",5,7
1202,Palindrome Permutation,EASY,"Hash Table, String, Bit Manipulation",5,7
1203,Remove Max Number of Edges to Keep Graph Fully Traversable,HARD,"Union-Find, Graph Theory",5,7
1204,Longest Substring of One Repeating Character,HARD,"Array, String, Segment Tree, Ordered Set",4,15
1205,Maximum Product of Two Digits,EASY,"Math, Sorting",4,14
1206,Smallest Missing Integer Greater Than Sequential Prefix Sum,EASY,"Array, Hash Table, Sorting",4,14
1207,Concatenate Non-Zero Digits and Multiply by Sum I,EASY,Math,4,13
1208,Lexicographically Maximum MEX Array,HARD,"Array, Hash Table, Greedy, Queue",4,13
1209,Find Greatest Common Divisor of Array,EASY,"Array, Math, Number Theory, Euclidean Algorithm, Greatest Common Divisor",4,12
1210,Find the Lexicographically Smallest Valid Sequence,MEDIUM,"Two Pointers, String, Dynamic Programming, Greedy",4,12
1211,Minimum Number of Pushes to Type Word I,EASY,"Math, String, Greedy",4,12
1212,Stone Game IV,HARD,"Math, Dynamic Programming, Minimax, Game Theory, Nim Game, Sprague–Grundy Theorem, Zero-Sum Game",4,12
1213,Customers Who Bought All Products,MEDIUM,Database,4,11
1214,Delete Nodes And Return Forest,MEDIUM,"Array, Hash Table, Tree, Depth-First Search, Binary Tree",4,11
1215,Duplicate Zeros,EASY,"Array, Two Pointers",4,11
1216,Left and Right Sum Differences,EASY,"Array, Prefix Sum",4,11
1217,Maximum Total Subarray Value I,MEDIUM,"Array, Greedy",4,11
1218,Minimum Cost to Merge Stones,HARD,"Array, Dynamic Programming, Prefix Sum",4,11
1219,Separate Black and White Balls,MEDIUM,"Two Pointers, String, Greedy",4,11
1220,Stone Game III,HARD,"Array, Math, Dynamic Programming, Minimax, Game Theory, Zero-Sum Game",4,11
1221,Total Waviness of Numbers in Range II,HARD,"Math, Dynamic Programming",4,11
1222,Customer Placing the Largest Number of Orders,EASY,Database,4,10
1223,Delete Operation for Two Strings,MEDIUM,"String, Dynamic Programming, Longest Common Subsequence",4,10
1224,Earliest Finish Time for Land and Water Rides I,EASY,"Array, Two Pointers, Binary Search, Greedy, Sorting",4,10
1225,Find Mode in Binary Search Tree,EASY,"Tree, Depth-First Search, Binary Search Tree, Binary Tree",4,10
1226,First Unique Number,MEDIUM,"Array, Hash Table, Design, Queue, Data Stream",4,10
1227,Fruits Into Baskets III,MEDIUM,"Array, Binary Search, Segment Tree, Ordered Set",4,10
1228,Jump Game VII,MEDIUM,"String, Dynamic Programming, Sliding Window, Prefix Sum",4,10
1229,Maximum Element After Decreasing and Rearranging,MEDIUM,"Array, Greedy, Sorting",4,10
1230,Minimum Score of a Path Between Two Cities,MEDIUM,"Depth-First Search, Breadth-First Search, Union-Find, Graph Theory",4,10
1231,Number of Orders in the Backlog,MEDIUM,"Array, Heap (Priority Queue), Simulation",4,10
1232,Remove Stones to Minimize the Total,MEDIUM,"Array, Greedy, Heap (Priority Queue)",4,10
1233,Row With Maximum Ones,EASY,"Array, Matrix",4,10
1234,Score of a String,EASY,String,4,10
1235,Super Pow,MEDIUM,"Math, Divide and Conquer, Euler's Totient Function, Euler's Theorem",4,10
1236,Actors and Directors Who Cooperated At Least Three Times,EASY,Database,4,9
1237,Allocate Mailboxes,HARD,"Array, Math, Dynamic Programming, Sorting",4,9
1238,Base 7,EASY,"Math, String",4,9
1239,Buildings With an Ocean View,MEDIUM,"Array, Stack, Monotonic Stack",4,9
1240,Circular Array Loop,MEDIUM,"Array, Hash Table, Two Pointers, Floyd's Cycle Finding Algorithm",4,9
1241,Combination Sum III,MEDIUM,"Array, Backtracking",4,9
1242,Count Nodes Equal to Average of Subtree,MEDIUM,"Tree, Depth-First Search, Binary Tree",4,9
1243,Count Number of Bad Pairs,MEDIUM,"Array, Hash Table, Math, Counting",4,9
1244,Design Log Storage System,MEDIUM,"Hash Table, String, Design, Ordered Set",4,9
1245,Determine Whether Matrix Can Be Obtained By Rotation,EASY,"Array, Matrix",4,9
1246,Find Center of Star Graph,EASY,Graph Theory,4,9
1247,Find Right Interval,MEDIUM,"Array, Binary Search, Sorting",4,9
1248,GCD of Odd and Even Sums,EASY,"Math, Number Theory",4,9
1249,IP to CIDR,MEDIUM,"String, Bit Manipulation",4,9
1250,Insert into a Sorted Circular Linked List,MEDIUM,Linked List,4,9
1251,Jump Game III,MEDIUM,"Array, Depth-First Search, Breadth-First Search",4,9
1252,Knight Probability in Chessboard,MEDIUM,Dynamic Programming,4,9
1253,Kth Ancestor of a Tree Node,HARD,"Binary Search, Dynamic Programming, Bit Manipulation, Tree, Depth-First Search, Breadth-First Search, Design, Binary Lifting",4,9
1254,Last Day Where You Can Still Cross,HARD,"Array, Binary Search, Depth-First Search, Breadth-First Search, Union-Find, Matrix",4,9
1255,Maximize the Minimum Powered City,HARD,"Array, Binary Search, Greedy, Queue, Sliding Window, Prefix Sum",4,9
1256,Maximum Candies You Can Get from Boxes,HARD,"Array, Breadth-First Search, Graph Theory",4,9
1257,Maximum Frequency After Subarray Operation,MEDIUM,"Array, Hash Table, Dynamic Programming, Greedy, Enumeration, Prefix Sum",4,9
1258,Maximum Level Sum of a Binary Tree,MEDIUM,"Tree, Depth-First Search, Breadth-First Search, Binary Tree",4,9
1259,Minimum Absolute Distance Between Mirror Pairs,MEDIUM,"Array, Hash Table, Math",4,9
1260,Minimum Adjacent Swaps for K Consecutive Ones,HARD,"Array, Greedy, Sliding Window, Prefix Sum",4,9
1261,Minimum Removals to Balance Array,MEDIUM,"Array, Binary Search, Sliding Window, Sorting",4,9
1262,Number of Days Between Two Dates,EASY,"Math, String",4,9
1263,Number of Unique Subjects Taught by Each Teacher,EASY,Database,4,9
1264,Optimal Partition of String,MEDIUM,"Hash Table, String, Greedy",4,9
1265,Parse Lisp Expression,HARD,"Hash Table, String, Stack, Recursion",4,9
1266,Process String with Special Operations I,MEDIUM,"String, Simulation",4,9
1267,Process String with Special Operations II,HARD,"String, Simulation",4,9
1268,Reducing Dishes,HARD,"Array, Dynamic Programming, Greedy, Sorting",4,9
1269,Reformat Department Table,EASY,Database,4,9
1270,Shortest Distance to a Character,EASY,"Array, Two Pointers, String",4,9
1271,Shortest Path Visiting All Nodes,HARD,"Dynamic Programming, Bit Manipulation, Breadth-First Search, Graph Theory, Bitmask",4,9
1272,Smallest Even Multiple,EASY,"Math, Number Theory",4,9
1273,Sum of Root To Leaf Binary Numbers,EASY,"Tree, Depth-First Search, Binary Tree",4,9
1274,Toeplitz Matrix,EASY,"Array, Matrix",4,9
1275,3Sum With Multiplicity,MEDIUM,"Array, Hash Table, Two Pointers, Sorting, Counting",4,8
1276,4Sum II,MEDIUM,"Array, Hash Table",4,8
1277,A Number After a Double Reversal,EASY,Math,4,8
1278,Add to Array-Form of Integer,EASY,"Array, Math",4,8
1279,Adjacent Increasing Subarrays Detection I,EASY,Array,4,8
1280,Average of Levels in Binary Tree,EASY,"Tree, Depth-First Search, Breadth-First Search, Binary Tree",4,8
1281,Beautiful Array,MEDIUM,"Array, Math, Divide and Conquer",4,8
1282,Binary Number with Alternating Bits,EASY,Bit Manipulation,4,8
1283,Binary Tree Longest Consecutive Sequence,MEDIUM,"Tree, Depth-First Search, Binary Tree, DP on Trees",4,8
1284,Build an Array With Stack Operations,MEDIUM,"Array, Stack, Simulation",4,8
1285,Calculate Money in Leetcode Bank,EASY,Math,4,8
1286,Check If Digits Are Equal in String After Operations I,EASY,"Math, String, Simulation, Combinatorics, Number Theory",4,8
1287,Check if Number is a Sum of Powers of Three,MEDIUM,Math,4,8
1288,Closest Equal Element Queries,MEDIUM,"Array, Hash Table, Binary Search",4,8
1289,Consecutive Characters,EASY,String,4,8
1290,Construct the Minimum Bitwise Array II,MEDIUM,"Array, Bit Manipulation",4,8
1291,Convert 1D Array Into 2D Array,EASY,"Array, Matrix, Simulation",4,8
1292,Convert BST to Greater Tree,MEDIUM,"Tree, Depth-First Search, Binary Search Tree, Binary Tree",4,8
1293,Convert Binary Search Tree to Sorted Doubly Linked List,MEDIUM,"Linked List, Stack, Tree, Depth-First Search, Binary Search Tree, Binary Tree, Doubly-Linked List",4,8
1294,Count Days Without Meetings,MEDIUM,"Array, Sorting",4,8
1295,Count Integers in Intervals,HARD,"Design, Segment Tree, Ordered Set",4,8
1296,Count Number of Pairs With Absolute Difference K,EASY,"Array, Hash Table, Counting",4,8
1297,Count Partitions With Max-Min Difference at Most K,MEDIUM,"Array, Dynamic Programming, Queue, Sliding Window, Prefix Sum, Monotonic Queue",4,8
1298,Count Submatrices With All Ones,MEDIUM,"Array, Dynamic Programming, Stack, Matrix, Monotonic Stack",4,8
1299,Count of Interesting Subarrays,MEDIUM,"Array, Hash Table, Prefix Sum",4,8
1300,Count of Matches in Tournament,EASY,"Math, Simulation",4,8
1301,Count the Number of Complete Components,MEDIUM,"Depth-First Search, Breadth-First Search, Union-Find, Graph Theory",4,8
1302,Count the Number of Ideal Arrays,HARD,"Math, Dynamic Programming, Combinatorics, Number Theory, Prime Factorization, Fermat's Little Theorem",4,8
1303,Counting Words With a Given Prefix,EASY,"Array, String, String Matching",4,8
1304,Delete Columns to Make Sorted,EASY,"Array, String, Longest Increasing Subsequence",4,8
1305,Design a Food Rating System,MEDIUM,"Array, Hash Table, String, Design, Heap (Priority Queue), Ordered Set",4,8
1306,Destination City,EASY,"Array, Hash Table, String",4,8
1307,Detect Capital,EASY,String,4,8
1308,Divisible and Non-divisible Sums Difference,EASY,Math,4,8
1309,Element Appearing More Than 25% In Sorted Array,EASY,Array,4,8
1310,Escape the Spreading Fire,HARD,"Array, Binary Search, Breadth-First Search, Matrix",4,8
1311,Find All K-Distant Indices in an Array,EASY,"Array, Two Pointers",4,8
1312,Find Closest Node to Given Two Nodes,MEDIUM,"Depth-First Search, Graph Theory",4,8
1313,Find Closest Person,EASY,Math,4,8
1314,Find Minimum Time to Reach Last Room I,MEDIUM,"Array, Graph Theory, Heap (Priority Queue), Matrix, Shortest Path",4,8
1315,Find Triangular Sum of an Array,MEDIUM,"Array, Math, Simulation, Combinatorics, Number Theory",4,8
1316,Find Users With Valid E-Mails,EASY,Database,4,8
1317,Find the K-Sum of an Array,HARD,"Array, Sorting, Heap (Priority Queue)",4,8
1318,Find the Maximum Achievable Number,EASY,Math,4,8
1319,Find the Maximum Length of Valid Subsequence I,MEDIUM,"Array, Dynamic Programming",4,8
1320,Find the Punishment Number of an Integer,MEDIUM,"Math, Backtracking",4,8
1321,Flip Columns For Maximum Number of Equal Rows,MEDIUM,"Array, Hash Table, Matrix",4,8
1322,Fruits Into Baskets II,EASY,"Array, Binary Search, Segment Tree, Simulation, Ordered Set",4,8
1323,Get Biggest Three Rhombus Sums in a Grid,MEDIUM,"Array, Math, Sorting, Heap (Priority Queue), Matrix, Prefix Sum",4,8
1324,Get Watched Videos by Your Friends,MEDIUM,"Array, Hash Table, Breadth-First Search, Graph Theory, Sorting",4,8
1325,Goat Latin,EASY,String,4,8
1326,Grid Game,MEDIUM,"Array, Matrix, Prefix Sum",4,8
1327,Hamming Distance,EASY,Bit Manipulation,4,8
1328,Identify the Largest Outlier in an Array,MEDIUM,"Array, Hash Table, Counting, Enumeration",4,8
1329,Implement Router,MEDIUM,"Array, Hash Table, Binary Search, Design, Queue, Ordered Set",4,8
1330,Insert Greatest Common Divisors in Linked List,MEDIUM,"Linked List, Math, Number Theory",4,8
1331,Kill Process,MEDIUM,"Array, Hash Table, Tree, Depth-First Search, Breadth-First Search",4,8
1332,Largest Local Values in a Matrix,EASY,"Array, Matrix",4,8
1333,Largest Number At Least Twice of Others,EASY,"Array, Sorting",4,8
1334,Largest Perimeter Triangle,EASY,"Array, Math, Greedy, Sorting, Quicksort, Polygons",4,8
1335,Lexicographically Smallest String After Substring Operation,MEDIUM,"String, Greedy",4,8
1336,Linked List Components,MEDIUM,"Array, Hash Table, Linked List",4,8
1337,Longest Balanced Subarray I,MEDIUM,"Array, Hash Table, Divide and Conquer, Segment Tree, Prefix Sum",4,8
1338,Longest Balanced Substring I,MEDIUM,"Hash Table, String, Counting, Enumeration",4,8
1339,Longest Nice Substring,EASY,"Hash Table, String, Divide and Conquer, Bit Manipulation, Sliding Window",4,8
1340,Longest Repeating Substring,MEDIUM,"String, Binary Search, Dynamic Programming, Rolling Hash, Suffix Array, Hash Function, Suffix Automaton, Suffix Tree",4,8
1341,Longest Subsequence With Limited Sum,EASY,"Array, Binary Search, Greedy, Sorting, Prefix Sum",4,8
1342,Lowest Common Ancestor of Deepest Leaves,MEDIUM,"Hash Table, Tree, Depth-First Search, Breadth-First Search, Binary Tree, Binary Lifting, Lowest Common Ancestor, DP on Trees",4,8
1343,Market Analysis I,MEDIUM,Database,4,8
1344,Matrix Block Sum,MEDIUM,"Array, Matrix, Prefix Sum",4,8
1345,Maximize Area of Square Hole in Grid,MEDIUM,"Array, Sorting",4,8
1346,Maximum Difference Between Even and Odd Frequency I,EASY,"Hash Table, String, Counting",4,8
1347,Maximum Fruits Harvested After at Most K Steps,HARD,"Array, Binary Search, Sliding Window, Prefix Sum",4,8
1348,Maximum Height by Stacking Cuboids,HARD,"Array, Dynamic Programming, Sorting",4,8
1349,Maximum Manhattan Distance After K Changes,MEDIUM,"Hash Table, Math, String, Counting",4,8
1350,Maximum Number of Distinct Elements After Operations,MEDIUM,"Array, Greedy, Sorting",4,8
1351,Maximum Number of Fish in a Grid,MEDIUM,"Array, Depth-First Search, Breadth-First Search, Union-Find, Matrix",4,8
1352,Maximum Number of K-Divisible Components,HARD,"Tree, Depth-First Search",4,8
1353,Maximum OR,MEDIUM,"Array, Greedy, Bit Manipulation, Prefix Sum",4,8
1354,Maximum Subarray Min-Product,MEDIUM,"Array, Stack, Monotonic Stack, Prefix Sum, Cartesian Tree",4,8
1355,Maximum Subarray Sum With Length Divisible by K,MEDIUM,"Array, Hash Table, Prefix Sum",4,8
1356,Merge Nodes in Between Zeros,MEDIUM,"Linked List, Simulation",4,8
1357,Minimum Array End,MEDIUM,Bit Manipulation,4,8
1358,Minimum Cost Homecoming of a Robot in a Grid,MEDIUM,"Array, Greedy",4,8
1359,Minimum Cost Path with Teleportations,HARD,"Array, Dynamic Programming, Matrix",4,8
1360,Minimum Distance Between BST Nodes,EASY,"Tree, Depth-First Search, Breadth-First Search, Binary Search Tree, Binary Tree",4,8
1361,Minimum Domino Rotations For Equal Row,MEDIUM,"Array, Greedy",4,8
1362,Minimum Falling Path Sum II,HARD,"Array, Dynamic Programming, Matrix",4,8
1363,Minimum Jumps to Reach End via Prime Teleportation,MEDIUM,"Array, Hash Table, Math, Breadth-First Search, Number Theory",4,8
1364,Minimum Number of Changes to Make Binary String Beautiful,MEDIUM,String,4,8
1365,Minimum Operations to Convert All Elements to Zero,MEDIUM,"Array, Hash Table, Stack, Greedy, Monotonic Stack",4,8
1366,Minimum Operations to Equalize Binary String,HARD,"Math, String, Breadth-First Search, Union-Find, Ordered Set",4,8
1367,Minimum Operations to Make Array Sum Divisible by K,EASY,"Array, Math",4,8
1368,Minimum Operations to Make Array Values Equal to K,EASY,"Array, Hash Table",4,8
1369,Minimum Operations to Make the Integer Zero,MEDIUM,"Bit Manipulation, Brainteaser, Enumeration",4,8
1370,Minimum Recolors to Get K Consecutive Black Blocks,EASY,"String, Sliding Window",4,8
1371,Minimum Substring Partition of Equal Character Frequency,MEDIUM,"Hash Table, String, Dynamic Programming, Counting",4,8
1372,Next Greater Node In Linked List,MEDIUM,"Array, Linked List, Stack, Monotonic Stack",4,8
1373,Number of Dice Rolls With Target Sum,MEDIUM,Dynamic Programming,4,8
1374,Number of Paths with Max Score,HARD,"Array, Dynamic Programming, Matrix",4,8
1375,Number of Zero-Filled Subarrays,MEDIUM,"Array, Math",4,8
1376,Partitioning Into Minimum Number Of Deci-Binary Numbers,MEDIUM,"String, Greedy",4,8
1377,Patching Array,HARD,"Array, Greedy",4,8
1378,Path with Maximum Probability,MEDIUM,"Array, Graph Theory, Heap (Priority Queue), Shortest Path, Dijkstra's Algorithm",4,8
1379,Paths in Matrix Whose Sum Is Divisible by K,HARD,"Array, Dynamic Programming, Matrix",4,8
1380,Patients With a Condition,EASY,Database,4,8
1381,Prime Palindrome,MEDIUM,"Math, Number Theory, Primality Test",4,8
1382,Prime Subtraction Operation,MEDIUM,"Array, Math, Binary Search, Greedy, Number Theory",4,8
1383,Print Binary Tree,MEDIUM,"Tree, Depth-First Search, Breadth-First Search, Binary Tree",4,8
1384,Range Sum Query - Mutable,MEDIUM,"Array, Divide and Conquer, Design, Binary Indexed Tree, Segment Tree, Sqrt Decomposition",4,8
1385,Rearrange String k Distance Apart,HARD,"Hash Table, String, Greedy, Sorting, Heap (Priority Queue), Counting",4,8
1386,Remove Nodes From Linked List,MEDIUM,"Linked List, Stack, Recursion, Monotonic Stack",4,8
1387,Removing Stars From a String,MEDIUM,"String, Stack, Simulation",4,8
1388,Reorder Data in Log Files,MEDIUM,"Array, String, Sorting",4,8
1389,Replace Elements with Greatest Element on Right Side,EASY,Array,4,8
1390,Reschedule Meetings for Maximum Free Time I,MEDIUM,"Array, Greedy, Sliding Window",4,8
1391,Reschedule Meetings for Maximum Free Time II,MEDIUM,"Array, Greedy, Enumeration",4,8
1392,Return Length of Arguments Passed,EASY,"JavaScript, Function",4,8
1393,Reveal Cards In Increasing Order,MEDIUM,"Array, Queue, Sorting, Simulation",4,8
1394,Second Largest Digit in a String,EASY,"Hash Table, String",4,8
1395,Sentence Similarity II,MEDIUM,"Array, Hash Table, String, Depth-First Search, Breadth-First Search, Union-Find",4,8
1396,Sentence Similarity III,MEDIUM,"Array, Two Pointers, String",4,8
1397,Separate Squares I,MEDIUM,"Array, Binary Search",4,8
1398,Serialize and Deserialize BST,MEDIUM,"String, Tree, Depth-First Search, Breadth-First Search, Design, Binary Search Tree, Binary Tree",4,8
1399,Shortest Path with Alternating Colors,MEDIUM,"Breadth-First Search, Graph Theory",4,8
1400,Smallest Subtree with all the Deepest Nodes,MEDIUM,"Hash Table, Tree, Depth-First Search, Breadth-First Search, Binary Tree, Binary Lifting, Lowest Common Ancestor, DP on Trees",4,8
1401,Sort Integers by The Number of 1 Bits,EASY,"Array, Bit Manipulation, Sorting, Counting",4,8
1402,Sort Matrix by Diagonals,MEDIUM,"Array, Sorting, Matrix",4,8
1403,Spiral Matrix IV,MEDIUM,"Array, Linked List, Matrix, Simulation",4,8
1404,Split a String Into the Max Number of Unique Substrings,MEDIUM,"Hash Table, String, Backtracking",4,8
1405,Stream of Characters,HARD,"Array, String, Design, Trie, Data Stream, Aho–Corasick Algorithm",4,8
1406,Sum of Absolute Differences in a Sorted Array,MEDIUM,"Array, Math, Prefix Sum",4,8
1407,Sum of Unique Elements,EASY,"Array, Hash Table, Counting",4,8
1408,The Earliest and Latest Rounds Where Players Compete,HARD,"Dynamic Programming, Memoization",4,8
1409,The Number of the Smallest Unoccupied Chair,MEDIUM,"Array, Hash Table, Heap (Priority Queue)",4,8
1410,Three Consecutive Odds,EASY,Array,4,8
1411,Time Needed to Inform All Employees,MEDIUM,"Tree, Depth-First Search, Breadth-First Search",4,8
1412,Transformed Array,EASY,"Array, Simulation",4,8
1413,Trim a Binary Search Tree,MEDIUM,"Tree, Depth-First Search, Binary Search Tree, Binary Tree",4,8
1414,UTF-8 Validation,MEDIUM,"Array, Bit Manipulation",4,8
1415,Uncrossed Lines,MEDIUM,"Array, Dynamic Programming, Longest Common Subsequence",4,8
1416,Valid Phone Numbers,EASY,Shell,4,8
1417,Ways to Express an Integer as Sum of Powers,MEDIUM,Dynamic Programming,4,8
1418,Wiggle Sort,MEDIUM,"Array, Greedy, Sorting",4,8
1419,Zero Array Transformation I,MEDIUM,"Array, Prefix Sum",4,8
1420,Add Bold Tag in String,MEDIUM,"Array, Hash Table, String, Trie, String Matching, Aho–Corasick Algorithm",4,7
1421,All Ancestors of a Node in a Directed Acyclic Graph,MEDIUM,"Depth-First Search, Breadth-First Search, Graph Theory, Topological Sort, Directed Acyclic Graph",4,7
1422,Alternating Digit Sum,EASY,Math,4,7
1423,Bag of Tokens,MEDIUM,"Array, Two Pointers, Greedy, Sorting",4,7
1424,Building H2O,MEDIUM,Concurrency,4,7
1425,Check If a Word Occurs As a Prefix of Any Word in a Sentence,EASY,"Two Pointers, String, String Matching",4,7
1426,Check if All Characters Have Equal Number of Occurrences,EASY,"Hash Table, String, Counting",4,7
1427,Check if Every Row and Column Contains All Numbers,EASY,"Array, Hash Table, Matrix",4,7
1428,Check if Strings Can be Made Equal With Operations II,MEDIUM,"Hash Table, String, Sorting",4,7
1429,Construct String With Repeat Limit,MEDIUM,"Hash Table, String, Greedy, Heap (Priority Queue), Counting",4,7
1430,Convert Integer to the Sum of Two No-Zero Integers,EASY,Math,4,7
1431,Count Complete Subarrays in an Array,MEDIUM,"Array, Hash Table, Sliding Window",4,7
1432,Count Different Palindromic Subsequences,HARD,"String, Dynamic Programming",4,7
1433,Count Good Triplets in an Array,HARD,"Array, Binary Search, Divide and Conquer, Binary Indexed Tree, Segment Tree, Merge Sort, Ordered Set",4,7
1434,Count Number of Teams,MEDIUM,"Array, Dynamic Programming, Binary Indexed Tree, Segment Tree",4,7
1435,Count Number of Ways to Place Houses,MEDIUM,Dynamic Programming,4,7
1436,Count Operations to Obtain Zero,EASY,"Math, Simulation",4,7
1437,Count Pairs Of Similar Strings,EASY,"Array, Hash Table, String, Bit Manipulation, Counting",4,7
1438,Count Prefix and Suffix Pairs II,HARD,"Array, String, Trie, Rolling Hash, String Matching, Hash Function, Z Algorithm",4,7
1439,Count Unreachable Pairs of Nodes in an Undirected Graph,MEDIUM,"Depth-First Search, Breadth-First Search, Union-Find, Graph Theory",4,7
1440,Count Zero Request Servers,MEDIUM,"Array, Hash Table, Sliding Window, Sorting",4,7
1441,Create Target Array in the Given Order,EASY,"Array, Simulation",4,7
1442,Decode the Message,EASY,"Hash Table, String",4,7
1443,Delete Leaves With a Given Value,MEDIUM,"Tree, Depth-First Search, Binary Tree",4,7
1444,Diagonal Traverse II,MEDIUM,"Array, Sorting, Heap (Priority Queue)",4,7
1445,Display the First Three Rows,EASY,"Pandas, DataFrame",4,7
1446,Divide an Array Into Subarrays With Minimum Cost II,HARD,"Array, Hash Table, Sliding Window, Heap (Priority Queue)",4,7
1447,Equal Sum Grid Partition I,MEDIUM,"Array, Matrix, Enumeration, Prefix Sum",4,7
1448,Escape a Large Maze,HARD,"Array, Hash Table, Depth-First Search, Breadth-First Search, Bidirectional Search",4,7
1449,Find All Possible Stable Binary Arrays I,MEDIUM,"Dynamic Programming, Prefix Sum",4,7
1450,Find Critical and Pseudo-Critical Edges in Minimum Spanning Tree,HARD,"Union-Find, Graph Theory, Sorting, Minimum Spanning Tree, Strongly Connected Component, Prim's Algorithm, Kruskal's Algorithm, Borůvka's Algorithm",4,7
1451,Find Minimum Cost to Remove Array Elements,MEDIUM,"Array, Dynamic Programming",4,7
1452,Find Minimum Diameter After Merging Two Trees,HARD,"Tree, Depth-First Search, Breadth-First Search, Graph Theory",4,7
1453,Find Missing Observations,MEDIUM,"Array, Math, Simulation",4,7
1454,Find if Array Can Be Sorted,MEDIUM,"Array, Bit Manipulation, Sorting",4,7
1455,Find the Maximum Sum of Node Values,HARD,"Array, Dynamic Programming, Greedy, Bit Manipulation, Tree, Sorting",4,7
1456,Find the Minimum Area to Cover All Ones II,HARD,"Array, Matrix, Enumeration",4,7
1457,Find the Number of Ways to Place People I,MEDIUM,"Array, Math, Geometry, Sorting, Enumeration",4,7
1458,Find the Power of K-Size Subarrays I,MEDIUM,"Array, Sliding Window",4,7
1459,Fraction Addition and Subtraction,MEDIUM,"Math, String, Simulation, Euclidean Algorithm, Greatest Common Divisor",4,7
1460,Furthest Point From Origin,EASY,"String, Counting",4,7
1461,Group Shifted Strings,MEDIUM,"Array, Hash Table, String",4,7
1462,K Radius Subarray Averages,MEDIUM,"Array, Sliding Window",4,7
1463,Keep Multiplying Found Values by Two,EASY,"Array, Hash Table, Sorting, Simulation",4,7
1464,Keyboard Row,EASY,"Array, Hash Table, String",4,7
1465,Largest Combination With Bitwise AND Greater Than Zero,MEDIUM,"Array, Hash Table, Bit Manipulation, Counting",4,7
1466,Longest Absolute File Path,MEDIUM,"String, Stack, Depth-First Search",4,7
1467,Longest Non-decreasing Subarray From Two Arrays,MEDIUM,"Array, Dynamic Programming",4,7
1468,Lowest Common Ancestor of a Binary Tree II,MEDIUM,"Tree, Depth-First Search, Binary Tree, Binary Lifting, Lowest Common Ancestor",4,7
1469,Lowest Common Ancestor of a Binary Tree IV,MEDIUM,"Hash Table, Tree, Depth-First Search, Binary Tree, Binary Lifting, Lowest Common Ancestor",4,7
1470,Max Consecutive Ones II,MEDIUM,"Array, Dynamic Programming, Sliding Window",4,7
1471,Max Pair Sum in an Array,EASY,"Array, Hash Table",4,7
1472,Maximize the Confusion of an Exam,MEDIUM,"String, Binary Search, Sliding Window, Prefix Sum",4,7
1473,Maximum Area of a Piece of Cake After Horizontal and Vertical Cuts,MEDIUM,"Array, Greedy, Sorting",4,7
1474,Maximum Count of Positive Integer and Negative Integer,EASY,"Array, Binary Search, Counting",4,7
1475,Maximum Frequency of an Element After Performing Operations I,MEDIUM,"Array, Binary Search, Sliding Window, Sorting, Prefix Sum",4,7
1476,Maximum Matching of Players With Trainers,MEDIUM,"Array, Two Pointers, Greedy, Sorting",4,7
1477,Maximum Non Negative Product in a Matrix,MEDIUM,"Array, Dynamic Programming, Matrix",4,7
1478,Maximum Number of Words Found in Sentences,EASY,"Array, String",4,7
1479,Maximum Number of Words You Can Type,EASY,"Hash Table, String",4,7
1480,Maximum Path Quality of a Graph,HARD,"Array, Backtracking, Graph Theory",4,7
1481,Mini Parser,MEDIUM,"String, Stack, Depth-First Search",4,7
1482,Minimize Maximum Component Cost,MEDIUM,"Binary Search, Union-Find, Graph Theory, Sorting",4,7
1483,Minimum Cost to Connect Sticks,MEDIUM,"Array, Greedy, Heap (Priority Queue)",4,7
1484,Minimum Cost to Convert String II,HARD,"Array, String, Dynamic Programming, Graph Theory, Trie, Shortest Path",4,7
1485,Minimum Distance to the Target Element,EASY,Array,4,7
1486,Minimum Index Sum of Two Lists,EASY,"Array, Hash Table, String",4,7
1487,Minimum Number of People to Teach,MEDIUM,"Array, Hash Table, Greedy",4,7
1488,Minimum Operations to Exceed Threshold Value II,MEDIUM,"Array, Heap (Priority Queue), Simulation",4,7
1489,Minimum Score After Removals on a Tree,HARD,"Array, Bit Manipulation, Tree, Depth-First Search",4,7
1490,Minimum Suffix Flips,MEDIUM,"String, Greedy",4,7
1491,Minimum Swaps to Make Strings Equal,MEDIUM,"Math, String, Greedy",4,7
1492,Minimum Time to Visit a Cell In a Grid,HARD,"Array, Breadth-First Search, Graph Theory, Heap (Priority Queue), Matrix, Shortest Path",4,7
1493,Missing Element in Sorted Array,MEDIUM,"Array, Binary Search",4,7
1494,Non-decreasing Subsequences,MEDIUM,"Array, Hash Table, Backtracking, Bit Manipulation",4,7
1495,Number Complement,EASY,Bit Manipulation,4,7
1496,Number of Subarrays with Bounded Maximum,MEDIUM,"Array, Two Pointers",4,7
1497,Number of Submatrices That Sum to Target,HARD,"Array, Hash Table, Matrix, Prefix Sum",4,7
1498,Paint Fence,MEDIUM,Dynamic Programming,4,7
1499,Path Existence Queries in a Graph II,HARD,"Array, Two Pointers, Binary Search, Dynamic Programming, Greedy, Bit Manipulation, Graph Theory, Sorting",4,7
1500,Process Tasks Using Servers,MEDIUM,"Array, Heap (Priority Queue)",4,7
1501,Race Car,HARD,"Dynamic Programming, Heuristic Search, A* Search",4,7
1502,Regions Cut By Slashes,MEDIUM,"Array, Hash Table, Depth-First Search, Breadth-First Search, Union-Find, Matrix, Planar Graph",4,7
1503,Replace Words,MEDIUM,"Array, Hash Table, String, Trie",4,7
1504,Seat Reservation Manager,MEDIUM,"Design, Heap (Priority Queue)",4,7
1505,Shortest Subarray With OR at Least K II,MEDIUM,"Array, Bit Manipulation, Sliding Window",4,7
1506,Smallest Good Base,HARD,"Math, Binary Search",4,7
1507,Sort Vowels in a String,MEDIUM,"String, Sorting",4,7
1508,Sort the Matrix Diagonally,MEDIUM,"Array, Sorting, Matrix",4,7
1509,Special Array II,MEDIUM,"Array, Binary Search, Prefix Sum",4,7
1510,Split the Array,EASY,"Array, Hash Table, Counting",4,7
1511,Stickers to Spell Word,HARD,"Array, Hash Table, String, Dynamic Programming, Backtracking, Bit Manipulation, Memoization, Bitmask",4,7
1512,String Compression II,HARD,"String, Dynamic Programming",4,7
1513,Subdomain Visit Count,MEDIUM,"Array, Hash Table, String, Counting",4,7
1514,Sum of GCD of Formed Pairs,MEDIUM,"Array, Math, Two Pointers, Sorting, Simulation, Number Theory",4,7
1515,Take Gifts From the Richest Pile,EASY,"Array, Heap (Priority Queue), Simulation",4,7
1516,Taking Maximum Energy From the Mystic Dungeon,MEDIUM,"Array, Dynamic Programming, Prefix Sum",4,7
1517,Tenth Line,EASY,Shell,4,7
1518,The Number of Beautiful Subsets,MEDIUM,"Array, Hash Table, Math, Dynamic Programming, Backtracking, Sorting, Combinatorics",4,7
1519,Tree Node,MEDIUM,Database,4,7
1520,Trionic Array I,EASY,Array,4,7
1521,Univalued Binary Tree,EASY,"Tree, Depth-First Search, Breadth-First Search, Binary Tree",4,7
1522,Video Stitching,MEDIUM,"Array, Dynamic Programming, Greedy",4,7
1523,Widest Vertical Area Between Two Points Containing No Points,EASY,"Array, Sorting",4,7
1524,Word Frequency,MEDIUM,Shell,4,7
1525,Words Within Two Edits of Dictionary,MEDIUM,"Array, String, Trie",4,7
1526,Construct Product Matrix,MEDIUM,"Array, Matrix, Prefix Sum",4,6
1527,Count Good Meals,MEDIUM,"Array, Hash Table",4,6
1528,Distribute Money to Maximum Children,EASY,"Math, Greedy",4,6
1529,Find Maximum Non-decreasing Array Length,HARD,"Array, Binary Search, Dynamic Programming, Stack, Queue, Monotonic Stack, Prefix Sum, Monotonic Queue",4,6
1530,Find the City With the Smallest Number of Neighbors at a Threshold Distance,MEDIUM,"Dynamic Programming, Graph Theory, Shortest Path, Dijkstra's Algorithm, Bellman–Ford Algorithm, Floyd–Warshall Algorithm",4,6
1531,Get the Maximum Score,HARD,"Array, Two Pointers, Dynamic Programming, Greedy",4,6
1532,Jump Game IX,MEDIUM,"Array, Dynamic Programming",4,6
1533,Maximum Area of Longest Diagonal Rectangle,EASY,Array,4,6
1534,Maximum Tastiness of Candy Basket,MEDIUM,"Array, Binary Search, Greedy, Sorting",4,6
1535,Most Beautiful Item for Each Query,MEDIUM,"Array, Binary Search, Sorting",4,6
1536,Number of Distinct Substrings in a String,MEDIUM,"String, Trie, Rolling Hash, Suffix Array, Hash Function",4,6
1537,Numbers At Most N Given Digit Set,HARD,"Array, Math, String, Binary Search, Dynamic Programming",4,6
1538,Random Pick Index,MEDIUM,"Hash Table, Math, Reservoir Sampling, Randomized",4,6
1539,Reformat Date,EASY,String,4,6
1540,Reverse Words in a String II,MEDIUM,"Two Pointers, String",4,6
1541,Shortest Cycle in a Graph,HARD,"Breadth-First Search, Graph Theory",4,6
1542,Shortest Distance to Target String in a Circular Array,EASY,"Array, String",4,6
1543,Total Characters in String After Transformations I,MEDIUM,"Hash Table, Math, String, Dynamic Programming, Counting",4,6
1544,Zigzag Iterator,MEDIUM,"Array, Design, Queue, Iterator",4,6
1545,Flatten 2D Vector,MEDIUM,"Array, Two Pointers, Design, Iterator",4,5
1546,Maximum Binary Tree,MEDIUM,"Array, Divide and Conquer, Stack, Tree, Monotonic Stack, Binary Tree, Cartesian Tree",4,5
1547,Maximum Walls Destroyed by Robots,HARD,"Array, Binary Search, Dynamic Programming, Sorting",4,5
1548,Three Divisors,EASY,"Math, Enumeration, Number Theory, Prime Factorization, Sieve Theory",4,5
1549,Word Abbreviation,HARD,"Array, String, Greedy, Trie, Sorting",4,5
1550,Minimum Number of Coins to be Added,MEDIUM,"Array, Greedy, Sorting",4,4
1551,Minimum Sensors to Cover Grid,MEDIUM,Math,4,4
1552,Minimum Swaps To Make Sequences Increasing,HARD,"Array, Dynamic Programming",4,4
1553,Threshold Majority Queries,HARD,"Array, Hash Table, Binary Search, Divide and Conquer, Counting, Prefix Sum",4,4
1554,Maximize Sum of Weights after Edge Removals,HARD,"Dynamic Programming, Tree, Depth-First Search, Sorting",3,10
1555,Minimum Number of Pushes to Type Word II,MEDIUM,"Hash Table, String, Greedy, Sorting, Counting",3,10
1556,Remove Methods From Project,MEDIUM,"Depth-First Search, Breadth-First Search, Graph Theory",3,10
1557,Binary Search Tree to Greater Sum Tree,MEDIUM,"Tree, Depth-First Search, Binary Search Tree, Binary Tree",3,9
1558,Minimum Operations to Reduce X to Zero,MEDIUM,"Array, Hash Table, Binary Search, Sliding Window, Prefix Sum",3,9
1559,Nested List Weight Sum II,MEDIUM,"Stack, Depth-First Search, Breadth-First Search",3,9
1560,Shortest Uncommon Substring in an Array,MEDIUM,"Array, Hash Table, String, Trie",3,9
1561,Shortest Word Distance II,MEDIUM,"Array, Hash Table, Two Pointers, String, Design",3,9
1562,The Earliest Moment When Everyone Become Friends,MEDIUM,"Array, Union-Find, Sorting",3,9
1563,Contain Virus,HARD,"Array, Depth-First Search, Breadth-First Search, Matrix, Simulation",3,8
1564,Encrypt and Decrypt Strings,HARD,"Array, Hash Table, String, Design, Trie",3,8
1565,Leftmost Column with at Least a One,MEDIUM,"Array, Binary Search, Matrix, Interactive",3,8
1566,Minimum Absolute Difference in BST,EASY,"Tree, Depth-First Search, Breadth-First Search, Binary Search Tree, Binary Tree",3,8
1567,Number of Good Paths,HARD,"Array, Hash Table, Tree, Union-Find, Graph Theory, Sorting",3,8
1568,Number of Unique XOR Triplets II,MEDIUM,"Array, Math, Bit Manipulation, Enumeration",3,8
1569,Number of ZigZag Arrays II,HARD,"Math, Dynamic Programming",3,8
1570,Shift 2D Grid,EASY,"Array, Matrix, Simulation",3,8
1571,Shortest Way to Form String,MEDIUM,"Two Pointers, String, Binary Search, Greedy",3,8
1572,Sliding Subarray Beauty,MEDIUM,"Array, Hash Table, Sliding Window",3,8
1573,Sorted GCD Pair Queries,HARD,"Array, Hash Table, Math, Binary Search, Combinatorics, Counting, Number Theory, Prefix Sum, Euclidean Algorithm, Greatest Common Divisor",3,8
1574,Valid Square,MEDIUM,"Math, Geometry",3,8
1575,Additive Number,MEDIUM,"String, Backtracking",3,7
1576,Best Time to Buy and Sell Stock V,MEDIUM,"Array, Dynamic Programming",3,7
1577,Check If All 1's Are at Least Length K Places Away,EASY,Array,3,7
1578,Classes With at Least 5 Students,EASY,Database,3,7
1579,Concatenate Non-Zero Digits and Multiply by Sum II,MEDIUM,"Math, String, Prefix Sum",3,7
1580,Concatenation of Consecutive Binary Numbers,MEDIUM,"Math, Bit Manipulation, Simulation",3,7
1581,Count Pairs of Connectable Servers in a Weighted Tree Network,MEDIUM,"Array, Tree, Depth-First Search",3,7
1582,Count the Digits That Divide a Number,EASY,Math,3,7
1583,Count the Number of Consistent Strings,EASY,"Array, Hash Table, String, Bit Manipulation, Counting",3,7
1584,Design an Ordered Stream,EASY,"Array, Hash Table, Design, Data Stream",3,7
1585,Eliminate Maximum Number of Monsters,MEDIUM,"Array, Greedy, Sorting",3,7
1586,Find Target Indices After Sorting Array,EASY,"Array, Binary Search, Sorting",3,7
1587,Find a Safe Walk Through a Grid,MEDIUM,"Array, Breadth-First Search, Graph Theory, Heap (Priority Queue), Matrix, Shortest Path",3,7
1588,Find the Peaks,EASY,"Array, Enumeration",3,7
1589,Friends Of Appropriate Ages,MEDIUM,"Array, Two Pointers, Binary Search, Sorting",3,7
1590,Frog Jump II,MEDIUM,"Array, Binary Search, Greedy",3,7
1591,Longest Subsequence With Non-Zero Bitwise XOR,MEDIUM,"Array, Bit Manipulation",3,7
1592,Max Sum of Rectangle No Larger Than K,HARD,"Array, Binary Search, Matrix, Prefix Sum, Ordered Set",3,7
1593,Maximum Score Words Formed by Letters,HARD,"Array, Hash Table, String, Dynamic Programming, Backtracking, Bit Manipulation, Counting, Bitmask",3,7
1594,Maximum Sum of Two Non-Overlapping Subarrays,MEDIUM,"Array, Dynamic Programming, Sliding Window",3,7
1595,Minimum Common Value,EASY,"Array, Hash Table, Two Pointers, Binary Search",3,7
1596,Minimum Element After Replacement With Digit Sum,EASY,"Array, Math",3,7
1597,Minimum Interval to Include Each Query,HARD,"Array, Binary Search, Sweep Line, Sorting, Heap (Priority Queue)",3,7
1598,Nth Magical Number,HARD,"Math, Binary Search, Least Common Multiple, Inclusion-Exclusion Principle",3,7
1599,Number of Ways to Assign Edge Weights II,HARD,"Array, Math, Dynamic Programming, Bit Manipulation, Tree, Depth-First Search",3,7
1600,Odd Even Jump,HARD,"Array, Dynamic Programming, Stack, Sorting, Monotonic Stack, Ordered Set",3,7
1601,Operations on Tree,MEDIUM,"Array, Hash Table, Tree, Depth-First Search, Breadth-First Search, Design",3,7
1602,Parallel Courses II,HARD,"Dynamic Programming, Bit Manipulation, Graph Theory, Bitmask, Directed Acyclic Graph",3,7
1603,Rearrange Products Table,EASY,Database,3,7
1604,Remove Letter To Equalize Frequency,EASY,"Hash Table, String, Counting",3,7
1605,Sort Transformed Array,MEDIUM,"Array, Math, Two Pointers, Sorting",3,7
1606,Sum of Nodes with Even-Valued Grandparent,MEDIUM,"Tree, Depth-First Search, Breadth-First Search, Binary Tree",3,7
1607,The Latest Time to Catch a Bus,MEDIUM,"Array, Two Pointers, Binary Search, Sorting",3,7
1608,Tiling a Rectangle with the Fewest Squares,HARD,Backtracking,3,7
1609,Total Hamming Distance,MEDIUM,"Array, Math, Bit Manipulation",3,7
1610,Advantage Shuffle,MEDIUM,"Array, Two Pointers, Greedy, Sorting",3,6
1611,Apple Redistribution into Boxes,EASY,"Array, Greedy, Sorting",3,6
1612,Apply Transform Over Each Element in Array,EASY,"JavaScript, Array, Function",3,6
1613,Average Waiting Time,MEDIUM,"Array, Simulation",3,6
1614,Binary Prefix Divisible By 5,EASY,"Array, Bit Manipulation",3,6
1615,Car Fleet II,HARD,"Array, Math, Stack, Heap (Priority Queue), Monotonic Stack",3,6
1616,Check If Two String Arrays are Equivalent,EASY,"Array, String",3,6
1617,Check if All the Integers in a Range Are Covered,EASY,"Array, Hash Table, Prefix Sum",3,6
1618,Check if Array is Good,EASY,"Array, Hash Table, Sorting",3,6
1619,Check if Grid can be Cut into Sections,MEDIUM,"Array, Sorting",3,6
1620,Check if Two Chessboard Squares Have the Same Color,EASY,"Math, String",3,6
1621,Closest Binary Search Tree Value II,HARD,"Two Pointers, Stack, Tree, Depth-First Search, Binary Search Tree, Heap (Priority Queue), Binary Tree",3,6
1622,Construct Smallest Number From DI String,MEDIUM,"String, Backtracking, Stack, Greedy",3,6
1623,Count Mentions Per User,MEDIUM,"Array, Math, Sorting, Simulation",3,6
1624,Count Number of Trapezoids I,MEDIUM,"Array, Hash Table, Math, Geometry",3,6
1625,Count Special Quadruplets,EASY,"Array, Hash Table, Enumeration",3,6
1626,Count Special Triplets,MEDIUM,"Array, Hash Table, Counting",3,6
1627,Count Subarrays With Median K,HARD,"Array, Hash Table, Prefix Sum",3,6
1628,Count Univalue Subtrees,MEDIUM,"Tree, Depth-First Search, Binary Tree, DP on Trees",3,6
1629,Count of Substrings Containing Every Vowel and K Consonants II,MEDIUM,"Hash Table, String, Sliding Window",3,6
1630,Count the Number of Computer Unlocking Permutations,MEDIUM,"Array, Math, Brainteaser, Combinatorics",3,6
1631,Count the Number of Special Characters II,MEDIUM,"Hash Table, String",3,6
1632,Counter II,EASY,"JavaScript, Function, Closure",3,6
1633,DI String Match,EASY,"Array, Two Pointers, String, Greedy",3,6
1634,Delete Columns to Make Sorted II,MEDIUM,"Array, String, Greedy",3,6
1635,Diameter of N-Ary Tree,MEDIUM,"Tree, Depth-First Search, DP on Trees",3,6
1636,Difference Between Element Sum and Digit Sum of an Array,EASY,"Array, Math",3,6
1637,Even Odd Tree,MEDIUM,"Tree, Breadth-First Search, Binary Tree",3,6
1638,Event Emitter,MEDIUM,"JavaScript, Design, Event Handling",3,6
1639,Extra Characters in a String,MEDIUM,"Array, Hash Table, String, Dynamic Programming, Trie",3,6
1640,Fill Missing Data,EASY,"Pandas, DataFrame, Data Cleaning",3,6
1641,Filter Elements from Array,EASY,"JavaScript, Array, Function",3,6
1642,Final Array State After K Multiplication Operations I,EASY,"Array, Math, Heap (Priority Queue), Simulation",3,6
1643,Find Beautiful Indices in the Given Array I,MEDIUM,"Two Pointers, String, Binary Search, Rolling Hash, String Matching, Hash Function, Z Algorithm, Knuth–Morris–Pratt Algorithm, Boyer–Moore String-Search Algorithm",3,6
1644,Find Longest Special Substring That Occurs Thrice I,MEDIUM,"Hash Table, String, Binary Search, Sliding Window, Counting",3,6
1645,Find Minimum Operations to Make All Elements Divisible by Three,EASY,"Array, Math",3,6
1646,Find Minimum Time to Reach Last Room II,MEDIUM,"Array, Graph Theory, Heap (Priority Queue), Matrix, Shortest Path",3,6
1647,Find Most Frequent Vowel and Consonant,EASY,"Hash Table, String, Counting",3,6
1648,Find Valid Pair of Adjacent Digits in String,EASY,"Hash Table, String, Counting",3,6
1649,Find the K-th Character in String Game II,HARD,"Math, Bit Manipulation, Recursion",3,6
1650,Find the Middle Index in Array,EASY,"Array, Prefix Sum",3,6
1651,Find the Number of Distinct Colors Among the Balls,MEDIUM,"Array, Hash Table, Simulation",3,6
1652,Find the Number of Ways to Place People II,HARD,"Array, Math, Geometry, Sorting, Enumeration",3,6
1653,Find the Winner of an Array Game,MEDIUM,"Array, Simulation",3,6
1654,Flip Equivalent Binary Trees,MEDIUM,"Tree, Depth-First Search, Binary Tree",3,6
1655,Get Equal Substrings Within Budget,MEDIUM,"String, Binary Search, Sliding Window, Prefix Sum",3,6
1656,Grid Teleportation Traversal,MEDIUM,"Array, Hash Table, Breadth-First Search, Matrix",3,6
1657,Group Sold Products By The Date,EASY,Database,3,6
1658,Height of Binary Tree After Subtree Removal Queries,HARD,"Array, Tree, Depth-First Search, Breadth-First Search, Binary Tree",3,6
1659,Inorder Successor in BST II,MEDIUM,"Tree, Binary Search Tree, Binary Tree",3,6
1660,Largest Triangle Area,EASY,"Array, Math, Geometry, Polygons",3,6
1661,Length of the Longest Alphabetical Continuous Substring,MEDIUM,String,3,6
1662,Linked List Random Node,MEDIUM,"Linked List, Math, Reservoir Sampling, Randomized",3,6
1663,Longest Binary Subsequence Less Than or Equal to K,MEDIUM,"String, Dynamic Programming, Greedy, Memoization",3,6
1664,Magical String,MEDIUM,"Two Pointers, String",3,6
1665,Manhattan Distances of All Arrangements of Pieces,HARD,"Math, Combinatorics",3,6
1666,Maximize Active Section with Trade II,HARD,"Array, String, Binary Search, Segment Tree",3,6
1667,Maximize Amount After Two Days of Conversions,MEDIUM,"Array, String, Depth-First Search, Breadth-First Search, Graph Theory",3,6
1668,Maximize Happiness of Selected Children,MEDIUM,"Array, Greedy, Sorting",3,6
1669,Maximize Spanning Tree Stability with Upgrades,HARD,"Binary Search, Greedy, Union-Find, Graph Theory, Minimum Spanning Tree",3,6
1670,Maximum Beauty of an Array After Applying Operation,MEDIUM,"Array, Binary Search, Sliding Window, Sorting",3,6
1671,Maximum Difference by Remapping a Digit,EASY,"Math, Greedy",3,6
1672,Maximum Frequency of an Element After Performing Operations II,HARD,"Array, Binary Search, Sliding Window, Sorting, Prefix Sum",3,6
1673,Maximum Number of Operations to Move Ones to the End,MEDIUM,"String, Greedy, Counting",3,6
1674,Maximum Score After Splitting a String,EASY,"String, Prefix Sum",3,6
1675,Maximum Side Length of a Square with Sum Less than or Equal to Threshold,MEDIUM,"Array, Binary Search, Matrix, Prefix Sum",3,6
1676,Maximum White Tiles Covered by a Carpet,MEDIUM,"Array, Binary Search, Greedy, Sliding Window, Sorting, Prefix Sum",3,6
1677,Merge BSTs to Create Single BST,HARD,"Array, Hash Table, Tree, Depth-First Search, Binary Search Tree, Binary Tree",3,6
1678,Minimize Hamming Distance After Swap Operations,MEDIUM,"Array, Depth-First Search, Union-Find",3,6
1679,Minimum Index of a Valid Split,MEDIUM,"Array, Hash Table, Sorting",3,6
1680,Minimum Insertions to Balance a Parentheses String,MEDIUM,"String, Stack, Greedy, Bracket Sequences",3,6
1681,Minimum Number of Food Buckets to Feed the Hamsters,MEDIUM,"String, Dynamic Programming, Greedy",3,6
1682,Minimum Number of Operations to Sort a Binary Tree by Level,MEDIUM,"Tree, Breadth-First Search, Binary Tree",3,6
1683,Minimum Number of Seconds to Make Mountain Height Zero,MEDIUM,"Array, Math, Binary Search, Greedy, Heap (Priority Queue)",3,6
1684,Minimum Operations to Make Array Elements Zero,HARD,"Array, Math, Bit Manipulation",3,6
1685,Minimum Pair Removal to Sort Array II,HARD,"Array, Hash Table, Linked List, Heap (Priority Queue), Simulation, Doubly-Linked List, Ordered Set",3,6
1686,Minimum Swaps to Group All 1's Together,MEDIUM,"Array, Sliding Window",3,6
1687,Minimum Time to Make Rope Colorful,MEDIUM,"Array, String, Dynamic Programming, Greedy",3,6
1688,Mirror Reflection,MEDIUM,"Math, Geometry, Number Theory, Least Common Multiple, Greatest Common Divisor",3,6
1689,My Calendar II,MEDIUM,"Array, Binary Search, Design, Segment Tree, Prefix Sum, Ordered Set",3,6
1690,N-ary Tree Level Order Traversal,MEDIUM,"Tree, Breadth-First Search",3,6
1691,N-ary Tree Postorder Traversal,EASY,"Stack, Tree, Depth-First Search",3,6
1692,Number of Equivalent Domino Pairs,EASY,"Array, Hash Table, Counting",3,6
1693,Number of Segments in a String,EASY,String,3,6
1694,Number of Smooth Descent Periods of a Stock,MEDIUM,"Array, Math, Two Pointers, Dynamic Programming, Sliding Window",3,6
1695,Number of Ways to Select Buildings,MEDIUM,"String, Dynamic Programming, Prefix Sum",3,6
1696,Pass the Pillow,EASY,"Math, Simulation",3,6
1697,Path Crossing,EASY,"Hash Table, String",3,6
1698,Path With Maximum Minimum Value,MEDIUM,"Array, Binary Search, Depth-First Search, Breadth-First Search, Union-Find, Heap (Priority Queue), Matrix, Dijkstra's Algorithm",3,6
1699,Perfect Rectangle,HARD,"Array, Hash Table, Math, Geometry, Sweep Line",3,6
1700,Plates Between Candles,MEDIUM,"Array, String, Binary Search, Prefix Sum",3,6
1701,Range Addition II,EASY,"Array, Math",3,6
1702,Range Sum Query 2D - Mutable,MEDIUM,"Array, Design, Binary Indexed Tree, Segment Tree, Matrix, Sqrt Decomposition",3,6
1703,Rank Transform of a Matrix,HARD,"Array, Union-Find, Graph Theory, Topological Sort, Sorting, Matrix",3,6
1704,Reconstruct Original Digits from English,MEDIUM,"Hash Table, Math, String",3,6
1705,Relative Ranks,EASY,"Array, Sorting, Heap (Priority Queue)",3,6
1706,Sales Analysis III,EASY,Database,3,6
1707,Second Minimum Node In a Binary Tree,EASY,"Tree, Depth-First Search, Binary Tree",3,6
1708,Select Data,EASY,"Pandas, DataFrame",3,6
1709,Separate the Digits in an Array,EASY,"Array, Simulation",3,6
1710,Shifting Letters,MEDIUM,"Array, String, Prefix Sum",3,6
1711,Shortest Distance After Road Addition Queries I,MEDIUM,"Array, Breadth-First Search, Graph Theory",3,6
1712,Shortest Path in a Hidden Grid,MEDIUM,"Array, Depth-First Search, Breadth-First Search, Matrix, Interactive",3,6
1713,Sleep,EASY,"JavaScript, Promise, Asynchronous Programming",3,6
1714,Smallest Number With All Set Bits,EASY,"Math, Bit Manipulation",3,6
1715,Smallest Range II,MEDIUM,"Array, Math, Greedy, Sorting",3,6
1716,Sort By,EASY,"Pandas, Sorting, DataFrame",3,6
1717,Sort Even and Odd Indices Independently,EASY,"Array, Sorting",3,6
1718,Sorting the Sentence,EASY,"String, Sorting, Bubble Sort",3,6
1719,Soup Servings,MEDIUM,"Math, Dynamic Programming, Probability and Statistics",3,6
1720,String Transformation,HARD,"Math, String, Dynamic Programming, String Matching",3,6
1721,Student Attendance Record II,HARD,Dynamic Programming,3,6
1722,Take K of Each Character From Left and Right,MEDIUM,"Hash Table, String, Sliding Window",3,6
1723,To Lower Case,EASY,String,3,6
1724,Total Cost to Hire K Workers,MEDIUM,"Array, Two Pointers, Heap (Priority Queue), Simulation",3,6
1725,Total Distance Traveled,EASY,"Math, Simulation",3,6
1726,Transform Array to All Equal Elements,MEDIUM,"Array, Greedy",3,6
1727,Unique Morse Code Words,EASY,"Array, Hash Table, String",3,6
1728,Valid Arrangement of Pairs,HARD,"Array, Depth-First Search, Graph Theory, Eulerian Circuit, Eulerian Path, Semi-Eulerian Graph",3,6
1729,Validate Binary Tree Nodes,MEDIUM,"Tree, Depth-First Search, Breadth-First Search, Union-Find, Graph Theory, Binary Tree",3,6
1730,Vowels Game in a String,MEDIUM,"Math, String, Brainteaser, Game Theory",3,6
1731,Water Bottles II,MEDIUM,"Math, Simulation",3,6
1732,Zigzag Grid Traversal With Skip,EASY,"Array, Matrix, Simulation",3,6
1733,Ant on the Boundary,EASY,"Array, Simulation, Prefix Sum",3,5
1734,Apply Operations to Make All Array Elements Equal to Zero,MEDIUM,"Array, Prefix Sum",3,5
1735,Apply Operations to Maximize Frequency Score,HARD,"Array, Binary Search, Sliding Window, Sorting, Prefix Sum",3,5
1736,Basic Calculator IV,HARD,"Hash Table, Math, String, Stack, Recursion",3,5
1737,Best Team With No Conflicts,MEDIUM,"Array, Dynamic Programming, Sorting, Longest Increasing Subsequence",3,5
1738,Binary Searchable Numbers in an Unsorted Array,MEDIUM,"Array, Binary Search, Stack, Monotonic Stack",3,5
1739,Binary Tree Longest Consecutive Sequence II,MEDIUM,"Tree, Depth-First Search, Binary Tree, DP on Trees",3,5
1740,Binary Tree Tilt,EASY,"Tree, Depth-First Search, Binary Tree, DP on Trees",3,5
1741,Bricks Falling When Hit,HARD,"Array, Union-Find, Matrix",3,5
1742,Campus Bikes,MEDIUM,"Array, Sorting, Heap (Priority Queue)",3,5
1743,Check if Strings Can be Made Equal With Operations I,EASY,String,3,5
1744,Check if There is a Valid Path in a Grid,MEDIUM,"Array, Depth-First Search, Breadth-First Search, Union-Find, Matrix",3,5
1745,Checking Existence of Edge Length Limited Paths,HARD,"Array, Two Pointers, Union-Find, Graph Theory, Sorting",3,5
1746,Closest Subsequence Sum,HARD,"Array, Two Pointers, Dynamic Programming, Bit Manipulation, Meet in the Middle, Sorting, Bitmask",3,5
1747,Coloring A Border,MEDIUM,"Array, Depth-First Search, Breadth-First Search, Matrix",3,5
1748,Complete Binary Tree Inserter,MEDIUM,"Tree, Breadth-First Search, Design, Binary Tree",3,5
1749,Count All Valid Pickup and Delivery Options,HARD,"Math, Dynamic Programming, Combinatorics",3,5
1750,Count Collisions of Monkeys on a Polygon,MEDIUM,"Math, Recursion",3,5
1751,Count Collisions on a Road,MEDIUM,"String, Stack, Simulation",3,5
1752,Count Good Subarrays,HARD,"Array, Stack, Bit Manipulation, Monotonic Stack",3,5
1753,Count Nodes With the Highest Score,MEDIUM,"Array, Tree, Depth-First Search, Binary Tree, DP on Trees",3,5
1754,Count Number of Rectangles Containing Each Point,MEDIUM,"Array, Hash Table, Binary Search, Binary Indexed Tree, Sorting",3,5
1755,Count the Number of Good Subsequences,MEDIUM,"Hash Table, Math, String, Combinatorics, Counting",3,5
1756,Count the Number of Powerful Integers,HARD,"Math, String, Dynamic Programming",3,5
1757,Cyclically Rotating a Grid,MEDIUM,"Array, Matrix, Simulation",3,5
1758,Daily Leads and Partners,EASY,Database,3,5
1759,Day of the Year,EASY,"Math, String",3,5
1760,Debounce,MEDIUM,"JavaScript, Design, Asynchronous Programming",3,5
1761,Decode the Slanted Ciphertext,MEDIUM,"String, Simulation",3,5
1762,Deepest Leaves Sum,MEDIUM,"Tree, Depth-First Search, Breadth-First Search, Binary Tree",3,5
1763,Design Bounded Blocking Queue,MEDIUM,Concurrency,3,5
1764,Design Front Middle Back Queue,MEDIUM,"Array, Linked List, Design, Queue, Doubly-Linked List, Data Stream",3,5
1765,Distribute Candies,EASY,"Array, Hash Table",3,5
1766,Divide a String Into Groups of Size k,EASY,"String, Simulation",3,5
1767,Double a Number Represented as a Linked List,MEDIUM,"Linked List, Math, Stack",3,5
1768,Employees Whose Manager Left the Company,EASY,Database,3,5
1769,Erect the Fence,HARD,"Array, Math, Geometry, Convex Hull, Polygons",3,5
1770,Find Mirror Score of a String,MEDIUM,"Hash Table, String, Stack, Simulation",3,5
1771,Find Nearest Point That Has the Same X or Y Coordinate,EASY,Array,3,5
1772,Find Root of N-Ary Tree,MEDIUM,"Hash Table, Bit Manipulation, Tree, Depth-First Search",3,5
1773,Find The Original Array of Prefix Xor,MEDIUM,"Array, Bit Manipulation",3,5
1774,Find the Longest Equal Subarray,MEDIUM,"Array, Hash Table, Binary Search, Sliding Window",3,5
1775,Find the Pivot Integer,EASY,"Math, Prefix Sum",3,5
1776,First Completely Painted Row or Column,MEDIUM,"Array, Hash Table, Matrix",3,5
1777,Guess Number Higher or Lower II,MEDIUM,"Math, Dynamic Programming, Minimax, Game Theory",3,5
1778,HTML Entity Parser,MEDIUM,"Hash Table, String",3,5
1779,Increment Submatrices by One,MEDIUM,"Array, Matrix, Prefix Sum",3,5
1780,K Divisible Elements Subarrays,MEDIUM,"Array, Hash Table, Trie, Rolling Hash, Hash Function, Enumeration",3,5
1781,Largest 1-Bordered Square,MEDIUM,"Array, Dynamic Programming, Matrix",3,5
1782,Largest Magic Square,MEDIUM,"Array, Matrix, Prefix Sum",3,5
1783,Largest Palindromic Number,MEDIUM,"Hash Table, String, Greedy, Counting",3,5
1784,Length of the Longest Subsequence That Sums to Target,MEDIUM,"Array, Dynamic Programming, Knapsack Problem, 0-1 Knapsack",3,5
1785,Length of the Longest Valid Substring,HARD,"Array, Hash Table, String, Sliding Window",3,5
1786,Longest Square Streak in an Array,MEDIUM,"Array, Hash Table, Binary Search, Dynamic Programming, Sorting",3,5
1787,Longest Subsequence Repeated k Times,HARD,"Hash Table, Two Pointers, String, Backtracking, Counting, Enumeration",3,5
1788,Longest Turbulent Subarray,MEDIUM,"Array, Dynamic Programming, Sliding Window",3,5
1789,Lucky Numbers in a Matrix,EASY,"Array, Matrix",3,5
1790,Map Sum Pairs,MEDIUM,"Hash Table, String, Design, Trie",3,5
1791,Map of Highest Peak,MEDIUM,"Array, Breadth-First Search, Matrix",3,5
1792,Max Increase to Keep City Skyline,MEDIUM,"Array, Greedy, Matrix",3,5
1793,Maximum Distance in Arrays,MEDIUM,"Array, Greedy",3,5
1794,Maximum Good People Based on Statements,HARD,"Array, Backtracking, Bit Manipulation, Enumeration",3,5
1795,Maximum Length of Pair Chain,MEDIUM,"Array, Dynamic Programming, Greedy, Sorting, Longest Increasing Subsequence",3,5
1796,Maximum Score From Grid Operations,HARD,"Array, Dynamic Programming, Matrix, Prefix Sum",3,5
1797,Maximum Star Sum of a Graph,MEDIUM,"Array, Greedy, Graph Theory, Sorting, Heap (Priority Queue)",3,5
1798,Maximum Students Taking Exam,HARD,"Array, Dynamic Programming, Bit Manipulation, Matrix, Bitmask, Maximum Flow, Maximum Matching, Bipartite Graph, Edmonds–Karp Algorithm, MPM Algorithm, Push-Relabel Algorithm, Minimum Cut, Matching (Graph), Flow Network, Dinic's Algorithm",3,5
1799,Maximum Total Subarray Value II,HARD,"Array, Greedy, Segment Tree, Heap (Priority Queue)",3,5
1800,Maximum Vacation Days,HARD,"Array, Dynamic Programming, Matrix",3,5
1801,Minimum Addition to Make Integer Beautiful,MEDIUM,"Math, Greedy",3,5
1802,Minimum Cost Tree From Leaf Values,MEDIUM,"Array, Dynamic Programming, Stack, Greedy, Monotonic Stack, Cartesian Tree",3,5
1803,Minimum Cost to Convert String I,MEDIUM,"Array, String, Graph Theory, Shortest Path",3,5
1804,Minimum Cost to Hire K Workers,HARD,"Array, Greedy, Sorting, Heap (Priority Queue)",3,5
1805,Minimum Deletions to Make Array Divisible,HARD,"Array, Math, Sorting, Heap (Priority Queue), Number Theory, Euclidean Algorithm, Greatest Common Divisor",3,5
1806,Minimum Deletions to Make String K-Special,MEDIUM,"Hash Table, String, Greedy, Sorting, Counting",3,5
1807,Minimum Distance Between Three Equal Elements II,MEDIUM,"Array, Hash Table",3,5
1808,Minimum Jumps to Reach Home,MEDIUM,"Array, Hash Table, Breadth-First Search",3,5
1809,Minimum Length of String After Deleting Similar Ends,MEDIUM,"Two Pointers, String",3,5
1810,Minimum Moves to Reach Target Score,MEDIUM,"Math, Greedy",3,5
1811,Minimum Number of Chairs in a Waiting Room,EASY,"String, Simulation",3,5
1812,Minimum Number of K Consecutive Bit Flips,HARD,"Array, Bit Manipulation, Queue, Sliding Window, Prefix Sum, Brute-Force Search",3,5
1813,Minimum Number of Vertices to Reach All Nodes,MEDIUM,"Graph Theory, Directed Acyclic Graph",3,5
1814,Minimum Number of Visited Cells in a Grid,HARD,"Array, Dynamic Programming, Stack, Breadth-First Search, Union-Find, Heap (Priority Queue), Matrix, Monotonic Stack",3,5
1815,Minimum Operations to Make All Array Elements Equal,MEDIUM,"Array, Binary Search, Sorting, Prefix Sum",3,5
1816,Minimum Processing Time,MEDIUM,"Array, Greedy, Sorting",3,5
1817,Minimum Space Wasted From Packaging,HARD,"Array, Binary Search, Sorting, Prefix Sum",3,5
1818,Monotone Increasing Digits,MEDIUM,"Math, Greedy",3,5
1819,Most Frequent Subtree Sum,MEDIUM,"Hash Table, Tree, Depth-First Search, Binary Tree, DP on Trees",3,5
1820,Non-negative Integers without Consecutive Ones,HARD,Dynamic Programming,3,5
1821,Number of Divisible Substrings,MEDIUM,"Hash Table, String, Counting, Prefix Sum",3,5
1822,Number of Good Leaf Nodes Pairs,MEDIUM,"Tree, Depth-First Search, Binary Tree, DP on Trees",3,5
1823,Number of Pairs Satisfying Inequality,HARD,"Array, Binary Search, Divide and Conquer, Binary Indexed Tree, Segment Tree, Merge Sort, Ordered Set",3,5
1824,Number of Subarrays With LCM Equal to K,MEDIUM,"Array, Math, Number Theory",3,5
1825,Number of Substrings With Only 1s,MEDIUM,"Math, String",3,5
1826,Number of Valid Words in a Sentence,EASY,String,3,5
1827,Number of Ways to Divide a Long Corridor,HARD,"Math, String, Dynamic Programming",3,5
1828,Number of Ways to Wear Different Hats to Each Other,HARD,"Array, Dynamic Programming, Bit Manipulation, Bitmask, Bipartite Graph, Matching (Graph), Perfect Matching",3,5
1829,Out of Boundary Paths,MEDIUM,Dynamic Programming,3,5
1830,Paint House III,HARD,"Array, Dynamic Programming",3,5
1831,Put Boxes Into the Warehouse I,MEDIUM,"Array, Greedy, Sorting",3,5
1832,Pyramid Transition Matrix,MEDIUM,"Hash Table, String, Backtracking, Bit Manipulation",3,5
1833,Range Frequency Queries,MEDIUM,"Array, Hash Table, Binary Search, Design, Segment Tree",3,5
1834,Read N Characters Given Read4,EASY,"Array, Simulation, Interactive",3,5
1835,Rearrange Words in a Sentence,MEDIUM,"String, Sorting",3,5
1836,Remove Colored Pieces if Both Neighbors are the Same Color,MEDIUM,"Math, String, Greedy, Game Theory",3,5
1837,Remove One Element to Make the Array Strictly Increasing,EASY,Array,3,5
1838,Sales Person,EASY,Database,3,5
1839,Score After Flipping Matrix,MEDIUM,"Array, Greedy, Bit Manipulation, Matrix",3,5
1840,Sign of the Product of an Array,EASY,"Array, Math",3,5
1841,Split Strings by Separator,EASY,"Array, String",3,5
1842,String Without AAA or BBB,MEDIUM,"String, Greedy",3,5
1843,Student Attendance Record I,EASY,String,3,5
1844,Subarray With Elements Greater Than Varying Threshold,HARD,"Array, Stack, Union-Find, Monotonic Stack",3,5
1845,Subrectangle Queries,MEDIUM,"Array, Design, Matrix",3,5
1846,Sum Multiples,EASY,Math,3,5
1847,Sum of All Odd Length Subarrays,EASY,"Array, Math, Prefix Sum",3,5
1848,Sum of Perfect Square Ancestors,HARD,"Array, Hash Table, Math, Tree, Depth-First Search, Counting, Number Theory",3,5
1849,Synonymous Sentences,MEDIUM,"Array, Hash Table, String, Backtracking, Sort, Union-Find",3,5
1850,The Dining Philosophers,MEDIUM,Concurrency,3,5
1851,Transpose File,MEDIUM,Shell,3,5
1852,Tweet Counts Per Frequency,MEDIUM,"Hash Table, String, Binary Search, Design, Sorting, Ordered Set",3,5
1853,Unique 3-Digit Even Numbers,EASY,"Array, Hash Table, Recursion, Enumeration",3,5
1854,Verbal Arithmetic Puzzle,HARD,"Array, Math, String, Backtracking",3,5
1855,Ways to Split Array Into Three Subarrays,MEDIUM,"Array, Two Pointers, Binary Search, Prefix Sum",3,5
1856,XOR Queries of a Subarray,MEDIUM,"Array, Bit Manipulation, Prefix Sum",3,5
1857,Array Nesting,MEDIUM,"Array, Depth-First Search",3,4
1858,Check Knight Tour Configuration,MEDIUM,"Array, Depth-First Search, Breadth-First Search, Matrix, Simulation",3,4
1859,Check if Binary String Has at Most One Segment of Ones,EASY,String,3,4
1860,Closest Leaf in a Binary Tree,MEDIUM,"Tree, Depth-First Search, Breadth-First Search, Binary Tree",3,4
1861,Clumsy Factorial,MEDIUM,"Math, Stack, Simulation",3,4
1862,Convert to Base -2,MEDIUM,Math,3,4
1863,Count Array Pairs Divisible by K,HARD,"Array, Hash Table, Math, Counting, Number Theory, Euclidean Algorithm, Greatest Common Divisor",3,4
1864,Count Number of Texts,MEDIUM,"Hash Table, Math, String, Dynamic Programming",3,4
1865,Fancy Sequence,HARD,"Math, Design, Segment Tree, Number Theory, Fermat's Little Theorem",3,4
1866,Final Array State After K Multiplication Operations II,HARD,"Array, Heap (Priority Queue), Simulation",3,4
1867,Find Subarrays With Equal Sum,EASY,"Array, Hash Table",3,4
1868,Find the K-Beauty of a Number,EASY,"Math, String, Sliding Window",3,4
1869,Fizz Buzz Multithreaded,MEDIUM,Concurrency,3,4
1870,Largest Time for Given Digits,MEDIUM,"Array, String, Backtracking, Enumeration",3,4
1871,Lexicographically Smallest Palindrome,EASY,"Two Pointers, String, Greedy",3,4
1872,Longest Well-Performing Interval,MEDIUM,"Array, Hash Table, Stack, Monotonic Stack, Prefix Sum",3,4
1873,Longest Word in Dictionary,MEDIUM,"Array, Hash Table, String, Trie, Sorting",3,4
1874,Maximum Number of Balls in a Box,EASY,"Hash Table, Math, Counting",3,4
1875,Minimum Number of Moves to Seat Everyone,EASY,"Array, Greedy, Sorting, Counting Sort",3,4
1876,Minimum Operations to Make Array Equal to Target,HARD,"Array, Dynamic Programming, Stack, Greedy, Monotonic Stack",3,4
1877,Minimum Sum of Squared Difference,MEDIUM,"Array, Binary Search, Greedy, Sorting, Heap (Priority Queue)",3,4
1878,Number of Different Subsequences GCDs,HARD,"Array, Math, Counting, Number Theory, Euclidean Algorithm, Greatest Common Divisor",3,4
1879,Peeking Iterator,MEDIUM,"Array, Design, Iterator",3,4
1880,Random Pick with Blacklist,HARD,"Array, Hash Table, Math, Binary Search, Sorting, Randomized",3,4
1881,Restore Finishing Order,EASY,"Array, Hash Table",3,4
1882,Shortest and Lexicographically Smallest Beautiful String,MEDIUM,"String, Sliding Window",3,4
1883,Split Array into Consecutive Subsequences,MEDIUM,"Array, Hash Table, Greedy, Heap (Priority Queue)",3,4
1884,The Time When the Network Becomes Idle,MEDIUM,"Array, Breadth-First Search, Graph Theory",3,4
1885,Time Taken to Cross the Door,HARD,"Array, Queue, Simulation",3,4
1886,Smallest Palindromic Rearrangement II,HARD,"Hash Table, Math, String, Combinatorics, Counting",2,9
1887,Minimize Result by Adding Parentheses to Expression,MEDIUM,"String, Enumeration",2,8
1888,Convert the Temperature,EASY,Math,2,7
1889,Find All Lonely Numbers in the Array,MEDIUM,"Array, Hash Table, Counting",2,7
1890,Maximum Coins From K Consecutive Bags,MEDIUM,"Array, Binary Search, Greedy, Sliding Window, Sorting, Prefix Sum",2,7
1891,Number of Ships in a Rectangle,HARD,"Array, Divide and Conquer, Interactive",2,7
1892,Super Washing Machines,HARD,"Array, Greedy",2,7
1893,Total Waviness of Numbers in Range I,MEDIUM,"Math, Dynamic Programming, Enumeration",2,7
1894,Check if Object Instance of Class,MEDIUM,"JavaScript, Object-Oriented Programming",2,6
1895,Concatenated Words,HARD,"Array, String, Dynamic Programming, Depth-First Search, Trie, Sorting",2,6
1896,Destroying Asteroids,MEDIUM,"Array, Greedy, Sorting",2,6
1897,Earliest Finish Time for Land and Water Rides II,MEDIUM,"Array, Two Pointers, Binary Search, Greedy, Sorting",2,6
1898,High Five,EASY,"Array, Hash Table, Sorting, Heap (Priority Queue)",2,6
1899,Implement Magic Dictionary,MEDIUM,"Hash Table, String, Depth-First Search, Design, Trie",2,6
1900,Jump Game V,HARD,"Array, Dynamic Programming, Sorting",2,6
1901,Maximum Bags With Full Capacity of Rocks,MEDIUM,"Array, Greedy, Sorting",2,6
1902,Network Recovery Pathways,HARD,"Array, Binary Search, Dynamic Programming, Graph Theory, Topological Sort, Heap (Priority Queue), Shortest Path",2,6
1903,Partition Array Such That Maximum Difference Is K,MEDIUM,"Array, Greedy, Sorting",2,6
1904,Second Minimum Time to Reach Destination,HARD,"Breadth-First Search, Graph Theory, Shortest Path, Dijkstra's Algorithm, K Shortest Path",2,6
1905,Smallest Substring With Identical Characters II,HARD,"String, Binary Search",2,6
1906,Total Appeal of A String,HARD,"Hash Table, String, Dynamic Programming",2,6
1907,Convert Object to JSON String,MEDIUM,"JavaScript, JSON",2,5
1908,Count the Number of Special Characters I,EASY,"Hash Table, String",2,5
1909,Distinct Subsequences II,HARD,"String, Dynamic Programming",2,5
1910,Divide Array in Sets of K Consecutive Numbers,MEDIUM,"Array, Hash Table, Greedy, Sorting",2,5
1911,Egg Drop With 2 Eggs and N Floors,MEDIUM,"Math, Dynamic Programming",2,5
1912,Escape The Ghosts,MEDIUM,"Array, Math",2,5
1913,Find And Replace in String,MEDIUM,"Array, Hash Table, String, Sorting",2,5
1914,Find Players With Zero or One Losses,MEDIUM,"Array, Hash Table, Sorting, Counting",2,5
1915,Find the Maximum Length of a Good Subsequence II,HARD,"Array, Hash Table, Dynamic Programming",2,5
1916,First Letter to Appear Twice,EASY,"Hash Table, String, Bit Manipulation, Counting",2,5
1917,K Items With the Maximum Sum,EASY,"Math, Greedy",2,5
1918,Longest Increasing Subsequence II,HARD,"Array, Divide and Conquer, Dynamic Programming, Binary Indexed Tree, Segment Tree, Queue, Monotonic Queue",2,5
1919,Maximum Sum With at Most K Elements,MEDIUM,"Array, Greedy, Sorting, Heap (Priority Queue), Matrix",2,5
1920,Maximum Team Size with Overlapping Intervals,MEDIUM,"Array, Sorting, Sweep Line, Intervals",2,5
1921,Minimum Area Rectangle II,MEDIUM,"Array, Hash Table, Math, Geometry",2,5
1922,Minimum Number of Operations to Reinitialize a Permutation,MEDIUM,"Array, Math, Simulation",2,5
1923,Minimum Operations to Halve Array Sum,MEDIUM,"Array, Greedy, Heap (Priority Queue)",2,5
1924,Minimum Swaps to Arrange a Binary Grid,MEDIUM,"Array, Greedy, Matrix",2,5
1925,Number of Ways to Assign Edge Weights I,MEDIUM,"Math, Tree, Depth-First Search",2,5
1926,Pancake Sorting,MEDIUM,"Array, Two Pointers, Greedy, Sorting",2,5
1927,Print in Order,EASY,Concurrency,2,5
1928,Queries on Number of Points Inside a Circle,MEDIUM,"Array, Math, Geometry",2,5
1929,Query Kth Smallest Trimmed Number,MEDIUM,"Array, String, Divide and Conquer, Sorting, Heap (Priority Queue), Radix Sort, Quickselect",2,5
1930,RLE Iterator,MEDIUM,"Array, Design, Counting, Iterator",2,5
1931,Sequence Reconstruction,MEDIUM,"Array, Graph Theory, Topological Sort, Directed Acyclic Graph",2,5
1932,Smallest String Starting From Leaf,MEDIUM,"String, Backtracking, Tree, Depth-First Search, Binary Tree",2,5
1933,Smallest Sufficient Team,HARD,"Array, Dynamic Programming, Bit Manipulation, Bitmask",2,5
1934,Sort Integers by The Power Value,MEDIUM,"Dynamic Programming, Memoization, Sorting",2,5
1935,Strictly Palindromic Number,MEDIUM,"Math, Two Pointers, Brainteaser",2,5
1936,Sum of Variable Length Subarrays,EASY,"Array, Prefix Sum",2,5
1937,Add One Row to Tree,MEDIUM,"Tree, Depth-First Search, Breadth-First Search, Binary Tree",2,4
1938,Allow One Function Call,EASY,"JavaScript, Function, Closure",2,4
1939,Apply Operations to Maximize Score,HARD,"Array, Math, Stack, Greedy, Sorting, Monotonic Stack, Number Theory",2,4
1940,Array Reduce Transformation,EASY,"JavaScript, Array, Function",2,4
1941,Balanced K-Factor Decomposition,MEDIUM,"Math, Backtracking, Number Theory",2,4
1942,Best Poker Hand,EASY,"Array, Hash Table, Counting",2,4
1943,Better Compression of String,MEDIUM,"Hash Table, String, Sorting, Counting",2,4
1944,Binary Tree Upside Down,MEDIUM,"Tree, Depth-First Search, Binary Tree",2,4
1945,Buy Two Chocolates,EASY,"Array, Greedy, Sorting",2,4
1946,Calculate Special Bonus,EASY,Database,2,4
1947,Calculator with Method Chaining,EASY,"JavaScript, Design, Object-Oriented Programming",2,4
1948,Cat and Mouse,HARD,"Math, Dynamic Programming, Graph Theory, Topological Sort, Memoization, Minimax, Game Theory, Zero-Sum Game",2,4
1949,Chalkboard XOR Game,HARD,"Array, Math, Bit Manipulation, Brainteaser, Game Theory, Zero-Sum Game, Impartial Game",2,4
1950,Check if Matrix Is X-Matrix,EASY,"Array, Matrix",2,4
1951,Chunk Array,EASY,"JavaScript, Array",2,4
1952,Clone Binary Tree With Random Pointer,MEDIUM,"Hash Table, Tree, Depth-First Search, Breadth-First Search, Binary Tree",2,4
1953,Collecting Chocolates,MEDIUM,"Array, Enumeration",2,4
1954,Construct the Longest New String,MEDIUM,"Math, Dynamic Programming, Greedy, Brainteaser",2,4
1955,Construct the Rectangle,EASY,Math,2,4
1956,Count Beautiful Splits in an Array,MEDIUM,"Array, Dynamic Programming",2,4
1957,Count Bowl Subarrays,MEDIUM,"Array, Stack, Monotonic Stack",2,4
1958,Count Covered Buildings,MEDIUM,"Array, Hash Table, Sorting",2,4
1959,Count Islands With Total Value Divisible by K,MEDIUM,"Array, Depth-First Search, Breadth-First Search, Union-Find, Matrix",2,4
1960,Count K-th Roots in a Range,MEDIUM,"Math, Binary Search",2,4
1961,Count Non-Decreasing Subarrays After K Operations,HARD,"Array, Stack, Segment Tree, Queue, Sliding Window, Monotonic Stack, Monotonic Queue",2,4
1962,Count Number of Balanced Permutations,HARD,"Math, String, Dynamic Programming, Combinatorics",2,4
1963,Count Number of Homogenous Substrings,MEDIUM,"Math, String",2,4
1964,Count Number of Trapezoids II,HARD,"Array, Hash Table, Math, Geometry",2,4
1965,Count Residue Prefixes,EASY,"Hash Table, String",2,4
1966,Count Submatrices with Top-Left Element and Sum Less Than k,MEDIUM,"Array, Matrix, Prefix Sum",2,4
1967,Count Unhappy Friends,MEDIUM,"Array, Simulation",2,4
1968,Count of Integers,HARD,"Math, String, Dynamic Programming",2,4
1969,Count the Number of Square-Free Subsets,MEDIUM,"Array, Math, Dynamic Programming, Bit Manipulation, Number Theory, Bitmask",2,4
1970,Coupon Code Validator,EASY,"Array, Hash Table, String, Sorting",2,4
1971,Cousins in Binary Tree II,MEDIUM,"Hash Table, Tree, Depth-First Search, Breadth-First Search, Binary Tree",2,4
1972,Cut Off Trees for Golf Event,HARD,"Array, Breadth-First Search, Heap (Priority Queue), Matrix",2,4
1973,Cutting Ribbons,MEDIUM,"Array, Binary Search",2,4
1974,Data Stream as Disjoint Intervals,HARD,"Hash Table, Binary Search, Union-Find, Design, Data Stream, Ordered Set",2,4
1975,Delete Columns to Make Sorted III,HARD,"Array, String, Dynamic Programming",2,4
1976,Delete Greatest Value in Each Row,EASY,"Array, Sorting, Heap (Priority Queue), Matrix, Simulation",2,4
1977,Describe the Painting,MEDIUM,"Array, Hash Table, Sorting, Prefix Sum",2,4
1978,Dinner Plate Stacks,HARD,"Hash Table, Stack, Design, Heap (Priority Queue)",2,4
1979,Distance Between Bus Stops,EASY,Array,2,4
1980,Distance to a Cycle in Undirected Graph,HARD,"Depth-First Search, Breadth-First Search, Graph Theory, Topological Sort",2,4
1981,Distant Barcodes,MEDIUM,"Array, Hash Table, Greedy, Sorting, Heap (Priority Queue), Counting",2,4
1982,Distinct Prime Factors of Product of Array,MEDIUM,"Array, Hash Table, Math, Number Theory, Prime Factorization, Euclidean Algorithm, Primality Test, Greatest Common Divisor, Sieve Theory, Prime Number Sieve",2,4
1983,Equal Sum Grid Partition II,HARD,"Array, Hash Table, Matrix, Enumeration, Prefix Sum",2,4
1984,Evaluate the Bracket Pairs of a String,MEDIUM,"Array, Hash Table, String",2,4
1985,Expressive Words,MEDIUM,"Array, Two Pointers, String",2,4
1986,Fair Distribution of Cookies,MEDIUM,"Array, Dynamic Programming, Backtracking, Bit Manipulation, Bitmask",2,4
1987,Filling Bookcase Shelves,MEDIUM,"Array, Dynamic Programming",2,4
1988,Find All People With Secret,HARD,"Depth-First Search, Breadth-First Search, Union-Find, Graph Theory, Sorting",2,4
1989,Find All Possible Stable Binary Arrays II,HARD,"Dynamic Programming, Prefix Sum",2,4
1990,Find Beautiful Indices in the Given Array II,HARD,"Two Pointers, String, Binary Search, Rolling Hash, String Matching, Hash Function, Z Algorithm, Knuth–Morris–Pratt Algorithm, Boyer–Moore String-Search Algorithm",2,4
1991,Find Maximum Area of a Triangle,MEDIUM,"Array, Hash Table, Math, Greedy, Geometry, Enumeration",2,4
1992,Find Maximum Removals From Source String,MEDIUM,"Array, Hash Table, Two Pointers, String, Dynamic Programming",2,4
1993,Find Sum of Array Product of Magical Sequences,HARD,"Array, Math, Dynamic Programming, Bit Manipulation, Combinatorics, Bitmask",2,4
1994,Find X-Sum of All K-Long Subarrays II,HARD,"Array, Hash Table, Sliding Window, Heap (Priority Queue)",2,4
1995,Find and Replace Pattern,MEDIUM,"Array, Hash Table, String",2,4
1996,Find the Count of Good Integers,HARD,"Hash Table, Math, Combinatorics, Enumeration",2,4
1997,Find the Largest Palindrome Divisible by K,HARD,"Math, String, Dynamic Programming, Greedy, Number Theory",2,4
1998,Find the Maximum Number of Fruits Collected,HARD,"Array, Dynamic Programming, Matrix",2,4
1999,Find the Most Competitive Subsequence,MEDIUM,"Array, Stack, Greedy, Monotonic Stack",2,4
2000,Find the Shortest Superstring,HARD,"Array, String, Dynamic Programming, Bit Manipulation, Bitmask, Hamiltonian Path",2,4
2001,Find the XOR of Numbers Which Appear Twice,EASY,"Array, Hash Table, Bit Manipulation",2,4
2002,Flower Planting With No Adjacent,MEDIUM,"Depth-First Search, Breadth-First Search, Graph Theory, Graph Coloring",2,4
2003,Freedom Trail,HARD,"String, Dynamic Programming, Depth-First Search, Breadth-First Search",2,4
2004,Generate Fibonacci Sequence,EASY,"JavaScript, Recursion, Dynamic Programming",2,4
2005,H-Index II,MEDIUM,"Array, Binary Search",2,4
2006,Increasing Order Search Tree,EASY,"Stack, Tree, Depth-First Search, Binary Search Tree, Binary Tree",2,4
2007,Intersection of Three Sorted Arrays,EASY,"Array, Hash Table, Binary Search, Counting",2,4
2008,Inverse Coin Change,MEDIUM,"Array, Dynamic Programming",2,4
2009,K-Similar Strings,HARD,"Hash Table, String, Breadth-First Search",2,4
2010,Largest Component Size by Common Factor,HARD,"Array, Hash Table, Math, Union-Find, Number Theory, Prime Factorization",2,4
2011,Largest Element in an Array after Merge Operations,MEDIUM,"Array, Greedy",2,4
2012,Largest Plus Sign,MEDIUM,"Array, Dynamic Programming",2,4
2013,Lexicographically Smallest Beautiful String,HARD,"String, Greedy",2,4
2014,Lexicographically Smallest Permutation Greater Than Target,MEDIUM,"Hash Table, String, Greedy, Counting, Enumeration",2,4
2015,Line Reflection,MEDIUM,"Array, Hash Table, Math",2,4
2016,List the Products Ordered in a Period,EASY,Database,2,4
2017,Longest Arithmetic Subsequence of Given Difference,MEDIUM,"Array, Hash Table, Dynamic Programming",2,4
2018,Longest Balanced Subarray II,HARD,"Array, Hash Table, Divide and Conquer, Segment Tree, Prefix Sum",2,4
2019,Longest Balanced Substring After One Swap,MEDIUM,"Hash Table, String, Prefix Sum",2,4
2020,Longest Palindrome After Substring Concatenation I,MEDIUM,"Two Pointers, String, Dynamic Programming, Enumeration",2,4
2021,Longest Subsequence With Decreasing Adjacent Difference,MEDIUM,"Array, Dynamic Programming",2,4
2022,Longest Word in Dictionary through Deleting,MEDIUM,"Array, Two Pointers, String, Sorting",2,4
2023,Longest ZigZag Path in a Binary Tree,MEDIUM,"Dynamic Programming, Tree, Depth-First Search, Binary Tree, DP on Trees",2,4
2024,Make Array Empty,HARD,"Array, Binary Search, Greedy, Binary Indexed Tree, Segment Tree, Sorting, Ordered Set",2,4
2025,Make Array Zero by Subtracting Equal Amounts,EASY,"Array, Hash Table, Greedy, Sorting, Heap (Priority Queue), Simulation",2,4
2026,Make K-Subarray Sums Equal,MEDIUM,"Array, Math, Greedy, Sorting, Number Theory",2,4
2027,Maximize Cyclic Partition Score,HARD,"Array, Dynamic Programming",2,4
2028,Maximize Score After N Operations,HARD,"Array, Math, Dynamic Programming, Backtracking, Bit Manipulation, Number Theory, Bitmask",2,4
2029,Maximize Score of Numbers in Ranges,MEDIUM,"Array, Binary Search, Greedy, Sorting",2,4
2030,Maximize Subarray Sum After Removing All Occurrences of One Element,HARD,"Array, Hash Table, Divide and Conquer, Dynamic Programming, Segment Tree, Prefix Sum",2,4
2031,Maximize the Number of Target Nodes After Connecting Trees I,MEDIUM,"Tree, Depth-First Search, Breadth-First Search",2,4
2032,Maximize the Number of Target Nodes After Connecting Trees II,HARD,"Tree, Depth-First Search, Breadth-First Search",2,4
2033,Maximum Alternating Subsequence Sum,MEDIUM,"Array, Dynamic Programming",2,4
2034,Maximum Area Rectangle With Point Constraints I,MEDIUM,"Array, Math, Binary Indexed Tree, Segment Tree, Geometry, Sorting, Enumeration",2,4
2035,Maximum Area Rectangle With Point Constraints II,HARD,"Array, Math, Binary Indexed Tree, Segment Tree, Geometry, Sorting",2,4
2036,Maximum Capacity Within Budget,MEDIUM,"Array, Two Pointers, Binary Search, Sorting",2,4
2037,Maximum Depth of N-ary Tree,EASY,"Tree, Depth-First Search, Breadth-First Search",2,4
2038,Maximum Number of Moves in a Grid,MEDIUM,"Array, Dynamic Programming, Matrix",2,4
2039,Maximum Number of Potholes That Can Be Fixed,MEDIUM,"String, Greedy, Sorting",2,4
2040,Maximum Number of Removable Characters,MEDIUM,"Array, Two Pointers, String, Binary Search",2,4
2041,Maximum Number of Robots Within Budget,HARD,"Array, Binary Search, Queue, Sliding Window, Heap (Priority Queue), Prefix Sum, Monotonic Queue",2,4
2042,Maximum Number of Ways to Partition an Array,HARD,"Array, Hash Table, Counting, Enumeration, Prefix Sum",2,4
2043,Maximum Odd Binary Number,EASY,"Math, String, Greedy",2,4
2044,Maximum Path Score in a Grid,MEDIUM,"Array, Dynamic Programming, Matrix",2,4
2045,Maximum Possible Number by Binary Concatenation,MEDIUM,"Array, Bit Manipulation, Enumeration",2,4
2046,Maximum Product of Three Elements After One Replacement,MEDIUM,"Array, Math, Greedy, Sorting",2,4
2047,Maximum Product of Word Lengths,MEDIUM,"Array, String, Bit Manipulation",2,4
2048,Maximum Profit from Trading Stocks with Discounts,HARD,"Array, Dynamic Programming, Tree, Depth-First Search",2,4
2049,Maximum Score of Non-overlapping Intervals,HARD,"Array, Binary Search, Dynamic Programming, Sorting",2,4
2050,Maximum Square Area by Removing Fences From a Field,MEDIUM,"Array, Hash Table, Enumeration",2,4
2051,Maximum Sum Obtained of Any Permutation,MEDIUM,"Array, Greedy, Sorting, Prefix Sum",2,4
2052,Maximum Total from Optimal Activation Order,MEDIUM,"Array, Two Pointers, Greedy, Sorting, Heap (Priority Queue)",2,4
2053,Maximum and Minimum Sums of at Most Size K Subsequences,MEDIUM,"Array, Math, Dynamic Programming, Sorting, Combinatorics",2,4
2054,Minimize Max Distance to Gas Station,HARD,"Array, Binary Search",2,4
2055,Minimize String Length,EASY,"Hash Table, String",2,4
2056,Minimum ASCII Delete Sum for Two Strings,MEDIUM,"String, Dynamic Programming, Longest Common Subsequence",2,4
2057,Minimum Additions to Make Valid String,MEDIUM,"String, Dynamic Programming, Stack, Greedy",2,4
2058,Minimum Average Difference,MEDIUM,"Array, Prefix Sum",2,4
2059,Minimum Deletions for At Most K Distinct Characters,EASY,"Hash Table, String, Greedy, Sorting, Counting",2,4
2060,Minimum Difference Between Largest and Smallest Value in Three Moves,MEDIUM,"Array, Greedy, Sorting",2,4
2061,Minimum Division Operations to Make Array Non Decreasing,MEDIUM,"Array, Math, Greedy, Number Theory",2,4
2062,Minimum Flips to Make a OR b Equal to c,MEDIUM,Bit Manipulation,2,4
2063,Minimum Increments to Equalize Leaf Paths,MEDIUM,"Array, Dynamic Programming, Tree, Depth-First Search",2,4
2064,Minimum Length of Anagram Concatenation,MEDIUM,"Hash Table, String, Counting",2,4
2065,Minimum Moves to Capture The Queen,MEDIUM,"Math, Enumeration",2,4
2066,Minimum Number of Frogs Croaking,MEDIUM,"String, Counting",2,4
2067,Minimum Number of Operations to Make All Array Elements Equal to 1,MEDIUM,"Array, Math, Number Theory, Euclidean Algorithm, Greatest Common Divisor",2,4
2068,Minimum Number of Operations to Make Array Empty,MEDIUM,"Array, Hash Table, Greedy, Counting",2,4
2069,Minimum Number of Work Sessions to Finish the Tasks,MEDIUM,"Array, Dynamic Programming, Backtracking, Bit Manipulation, Bitmask",2,4
2070,Minimum Obstacle Removal to Reach Corner,HARD,"Array, Breadth-First Search, Graph Theory, Heap (Priority Queue), Matrix, Shortest Path, 0-1 BFS, Dijkstra's Algorithm",2,4
2071,Minimum Operations to Make the Array Alternating,MEDIUM,"Array, Hash Table, Greedy, Counting",2,4
2072,Minimum Rounds to Complete All Tasks,MEDIUM,"Array, Hash Table, Greedy, Counting",2,4
2073,Minimum Time for K Connected Components,MEDIUM,"Binary Search, Union-Find, Graph Theory, Sorting",2,4
2074,Minimum Time to Complete All Deliveries,MEDIUM,"Math, Binary Search",2,4
2075,Mirror Distance of an Integer,EASY,Math,2,4
2076,Missing Ranges,EASY,Array,2,4
2077,Most Frequent Even Element,EASY,"Array, Hash Table, Counting",2,4
2078,Most Frequent IDs,MEDIUM,"Array, Hash Table, Heap (Priority Queue), Ordered Set",2,4
2079,Movement of Robots,MEDIUM,"Array, Brainteaser, Sorting, Prefix Sum",2,4
2080,N-ary Tree Preorder Traversal,EASY,"Stack, Tree, Depth-First Search",2,4
2081,Neighboring Bitwise XOR,MEDIUM,"Array, Bit Manipulation",2,4
2082,Number of Common Factors,EASY,"Math, Enumeration, Number Theory, Euclidean Algorithm, Greatest Common Divisor",2,4
2083,Number of Distinct Islands II,HARD,"Array, Hash Table, Depth-First Search, Breadth-First Search, Union-Find, Sorting, Matrix, Hash Function",2,4
2084,Number of Employees Who Met the Target,EASY,Array,2,4
2085,Number of Good Ways to Split a String,MEDIUM,"Hash Table, String, Dynamic Programming, Bit Manipulation, Prefix Sum",2,4
2086,Number of Laser Beams in a Bank,MEDIUM,"Array, Math, String, Matrix",2,4
2087,Number of Lines To Write String,EASY,"Array, String",2,4
2088,Number of Pairs of Interchangeable Rectangles,MEDIUM,"Array, Hash Table, Math, Counting, Number Theory",2,4
2089,Number of Spaces Cleaning Robot Cleaned,MEDIUM,"Array, Matrix, Simulation",2,4
2090,Number of Ways to Build Sturdy Brick Wall,MEDIUM,"Array, Dynamic Programming, Bit Manipulation, Bitmask",2,4
2091,Online Election,MEDIUM,"Array, Hash Table, Binary Search, Design",2,4
2092,Orderly Queue,HARD,"Math, String, Sorting, Lexicographically Minimal String Rotation",2,4
2093,Paint House IV,MEDIUM,"Array, Dynamic Programming",2,4
2094,Partition Array into Disjoint Intervals,MEDIUM,Array,2,4
2095,Pour Water,MEDIUM,"Array, Simulation",2,4
2096,Prime Number of Set Bits in Binary Representation,EASY,"Math, Bit Manipulation, Primality Test",2,4
2097,Print Words Vertically,MEDIUM,"Array, String, Simulation",2,4
2098,Product of Two Run-Length Encoded Arrays,MEDIUM,"Array, Two Pointers",2,4
2099,Profitable Schemes,HARD,"Array, Dynamic Programming, Knapsack Problem, 0-1 Knapsack",2,4
2100,Promise Time Limit,MEDIUM,"JavaScript, Promise, Asynchronous Programming",2,4
2101,Random Point in Non-overlapping Rectangles,MEDIUM,"Array, Math, Binary Search, Reservoir Sampling, Prefix Sum, Ordered Set, Randomized",2,4
2102,Range Addition,MEDIUM,"Array, Prefix Sum",2,4
2103,Reach End of Array With Max Score,MEDIUM,"Array, Greedy",2,4
2104,Rearrange Array to Maximize Prefix Score,MEDIUM,"Array, Greedy, Sorting, Prefix Sum",2,4
2105,Rectangle Area II,HARD,"Array, Segment Tree, Sweep Line, Ordered Set",2,4
2106,Remove K-Balanced Substrings,MEDIUM,"String, Stack, Simulation",2,4
2107,Report Spam Message,MEDIUM,"Array, Hash Table, String",2,4
2108,Reshape Data: Melt,EASY,"Pandas, DataFrame, Data Reshaping",2,4
2109,Reshape Data: Pivot,EASY,"Pandas, DataFrame, Data Reshaping",2,4
2110,Reverse Degree of a String,EASY,"String, Simulation",2,4
2111,Reverse Odd Levels of Binary Tree,MEDIUM,"Tree, Depth-First Search, Breadth-First Search, Binary Tree",2,4
2112,Separate Squares II,HARD,"Array, Binary Search, Segment Tree, Sweep Line",2,4
2113,Shuffle String,EASY,"Array, String",2,4
2114,Smallest Substring With Identical Characters I,HARD,"Array, Binary Search, Enumeration",2,4
2115,Special Positions in a Binary Matrix,EASY,"Array, Matrix",2,4
2116,Split With Minimum Sum,EASY,"Math, Greedy, Sorting",2,4
2117,Strong Friendship,MEDIUM,Database,2,4
2118,Sum of Mutated Array Closest to Target,MEDIUM,"Array, Binary Search, Sorting",2,4
2119,Sum of Prefix Scores of Strings,HARD,"Array, String, Trie, Counting",2,4
2120,Swap Adjacent in LR String,MEDIUM,"Two Pointers, String",2,4
2121,Throne Inheritance,MEDIUM,"Hash Table, Tree, Depth-First Search, Design",2,4
2122,Timeout Cancellation,EASY,"JavaScript, Promise, Asynchronous Programming",2,4
2123,Two-Letter Card Game,MEDIUM,"Array, Hash Table, String, Counting, Enumeration",2,4
2124,Uncommon Words from Two Sentences,EASY,"Hash Table, String, Counting",2,4
2125,Valid Boomerang,EASY,"Array, Math, Geometry",2,4
2126,Valid Palindrome III,HARD,"String, Dynamic Programming",2,4
2127,Valid Tic-Tac-Toe State,MEDIUM,"Array, Matrix",2,4
2128,Viewers Turned Streamers,HARD,Database,2,4
2129,Watering Plants,MEDIUM,"Array, Simulation",2,4
2130,Weighted Word Mapping,EASY,"Array, String, Simulation",2,4
2131,XOR After Range Multiplication Queries I,MEDIUM,"Array, Divide and Conquer, Simulation, Prefix Sum",2,4
2132,4 Keys Keyboard,MEDIUM,"Math, Dynamic Programming",2,3
2133,Airplane Seat Assignment Probability,MEDIUM,"Math, Dynamic Programming, Brainteaser, Probability and Statistics",2,3
2134,All Elements in Two Binary Search Trees,MEDIUM,"Tree, Depth-First Search, Binary Search Tree, Sorting, Binary Tree",2,3
2135,All People Report to the Given Manager,MEDIUM,Database,2,3
2136,Alternating Groups I,EASY,"Array, Sliding Window",2,3
2137,Amount of New Area Painted Each Day,HARD,"Array, Segment Tree, Ordered Set",2,3
2138,Append Characters to String to Make Subsequence,MEDIUM,"Two Pointers, String, Greedy",2,3
2139,Append K Integers With Minimal Sum,MEDIUM,"Array, Math, Greedy, Sorting",2,3
2140,Apply Operations to Make Sum of Array Greater Than or Equal to k,MEDIUM,"Math, Greedy, Enumeration",2,3
2141,Beautiful Arrangement II,MEDIUM,"Array, Math",2,3
2142,Binary Tree Coloring Game,MEDIUM,"Tree, Depth-First Search, Binary Tree",2,3
2143,Binary Trees With Factors,MEDIUM,"Array, Hash Table, Dynamic Programming, Sorting",2,3
2144,Bitwise XOR of All Pairings,MEDIUM,"Array, Bit Manipulation, Brainteaser",2,3
2145,Bomb Enemy,MEDIUM,"Array, Dynamic Programming, Matrix",2,3
2146,Build Array Where You Can Find The Maximum Exactly K Comparisons,HARD,"Dynamic Programming, Prefix Sum",2,3
2147,Camelcase Matching,MEDIUM,"Array, Two Pointers, String, Trie, String Matching",2,3
2148,Capital Gain/Loss,MEDIUM,Database,2,3
2149,Check for Contradictions in Equations,HARD,"Array, String, Depth-First Search, Union-Find, Graph Theory",2,3
2150,Check if All A's Appears Before All B's,EASY,String,2,3
2151,Check if an Original String Exists Given Two Encoded Strings,HARD,"String, Dynamic Programming",2,3
2152,Circle and Rectangle Overlapping,MEDIUM,"Math, Geometry",2,3
2153,Complex Number Multiplication,MEDIUM,"Math, String, Simulation",2,3
2154,Constrained Subsequence Sum,HARD,"Array, Dynamic Programming, Queue, Sliding Window, Heap (Priority Queue), Monotonic Queue",2,3
2155,Construct Binary Tree from String,MEDIUM,"String, Stack, Tree, Depth-First Search, Binary Tree",2,3
2156,Construct String from Binary Tree,MEDIUM,"String, Tree, Depth-First Search, Binary Tree",2,3
2157,Construct Uniform Parity Array I,EASY,"Array, Math",2,3
2158,Coordinate With Maximum Network Quality,MEDIUM,"Array, Enumeration",2,3
2159,Count Increasing Quadruplets,HARD,"Array, Dynamic Programming, Binary Indexed Tree, Enumeration, Prefix Sum",2,3
2160,Count Items Matching a Rule,EASY,"Array, String",2,3
2161,Count Pairs in Two Arrays,MEDIUM,"Array, Two Pointers, Binary Search, Sorting",2,3
2162,Count Stepping Numbers in Range,HARD,"String, Dynamic Programming",2,3
2163,Count Submatrices With Equal Frequency of X and Y,MEDIUM,"Array, Matrix, Prefix Sum",2,3
2164,Count Triplets That Can Form Two Arrays of Equal XOR,MEDIUM,"Array, Hash Table, Math, Bit Manipulation, Prefix Sum",2,3
2165,Count Ways to Group Overlapping Ranges,MEDIUM,"Array, Sorting",2,3
2166,Count the Number of Incremovable Subarrays I,EASY,"Array, Two Pointers, Binary Search, Enumeration",2,3
2167,Count the Number of Incremovable Subarrays II,HARD,"Array, Two Pointers, Binary Search",2,3
2168,Crawler Log Folder,EASY,"Array, String, Stack",2,3
2169,Day of the Week,EASY,Math,2,3
2170,Decode Ways II,HARD,"String, Dynamic Programming",2,3
2171,Decompress Run-Length Encoded List,EASY,Array,2,3
2172,Design Graph With Shortest Path Calculator,HARD,"Graph Theory, Design, Heap (Priority Queue), Shortest Path",2,3
2173,Design Movie Rental System,HARD,"Array, Hash Table, Design, Heap (Priority Queue), Ordered Set",2,3
2174,Design Ride Sharing System,MEDIUM,"Hash Table, Design, Queue, Data Stream",2,3
2175,Design SQL,MEDIUM,"Array, Hash Table, String, Design",2,3
2176,Design an ATM Machine,MEDIUM,"Array, Greedy, Design",2,3
2177,Determine if Two Events Have Conflict,EASY,"Array, String",2,3
2178,Difference Between Maximum and Minimum Price Sum,HARD,"Array, Dynamic Programming, Tree, Depth-First Search, DP on Trees",2,3
2179,Digit Operations to Make Two Integers Equal,MEDIUM,"Math, Graph Theory, Heap (Priority Queue), Number Theory, Shortest Path",2,3
2180,Distribute Elements Into Two Arrays II,HARD,"Array, Binary Indexed Tree, Segment Tree, Simulation",2,3
2181,Earliest Second to Mark Indices II,HARD,"Array, Binary Search, Greedy, Heap (Priority Queue)",2,3
2182,Factor Combinations,MEDIUM,"Backtracking, Prime Factorization",2,3
2183,Find All Groups of Farmland,MEDIUM,"Array, Depth-First Search, Breadth-First Search, Matrix",2,3
2184,Find Champion II,MEDIUM,Graph Theory,2,3
2185,Find Edges in Shortest Paths,HARD,"Depth-First Search, Breadth-First Search, Graph Theory, Heap (Priority Queue), Shortest Path",2,3
2186,Find Elements in a Contaminated Binary Tree,MEDIUM,"Hash Table, Tree, Depth-First Search, Breadth-First Search, Design, Binary Tree",2,3
2187,Find Good Days to Rob the Bank,MEDIUM,"Array, Dynamic Programming, Prefix Sum",2,3
2188,Find Longest Special Substring That Occurs Thrice II,MEDIUM,"Hash Table, String, Binary Search, Sliding Window, Counting",2,3
2189,Find Maximum Value in a Constrained Sequence,MEDIUM,"Array, Greedy",2,3
2190,Find Positive Integer Solution for a Given Equation,MEDIUM,"Math, Two Pointers, Binary Search, Interactive",2,3
2191,Find Total Time Spent by Each Employee,EASY,Database,2,3
2192,Find Valid Matrix Given Row and Column Sums,MEDIUM,"Array, Greedy, Matrix, Flow Network",2,3
2193,Find the Array Concatenation Value,EASY,"Array, Two Pointers, Simulation",2,3
2194,Find the Divisibility Array of a String,MEDIUM,"Array, Math, String",2,3
2195,Find the Grid of Region Average,MEDIUM,"Array, Matrix",2,3
2196,Find the Kth Largest Integer in the Array,MEDIUM,"Array, String, Divide and Conquer, Sorting, Heap (Priority Queue), Quickselect",2,3
2197,Find the Kth Smallest Sum of a Matrix With Sorted Rows,HARD,"Array, Binary Search, Heap (Priority Queue), Matrix",2,3
2198,Find the Largest Almost Missing Integer,EASY,"Array, Hash Table",2,3
2199,Find the Median of the Uniqueness Array,HARD,"Array, Hash Table, Binary Search, Sliding Window",2,3
2200,Find the Number of Good Pairs II,MEDIUM,"Array, Hash Table",2,3
2201,Find the Number of Subarrays Where Boundary Elements Are Maximum,HARD,"Array, Binary Search, Stack, Monotonic Stack",2,3
2202,Find the Smallest Balanced Index,MEDIUM,"Array, Prefix Sum",2,3
2203,Find the Width of Columns of a Grid,EASY,"Array, Matrix",2,3
2204,Finding the Number of Visible Mountains,MEDIUM,"Array, Stack, Sorting, Monotonic Stack",2,3
2205,Finding the Users Active Minutes,MEDIUM,"Array, Hash Table",2,3
2206,Flip Square Submatrix Vertically,EASY,"Array, Two Pointers, Matrix",2,3
2207,Frog Position After T Seconds,HARD,"Tree, Depth-First Search, Breadth-First Search, Graph Theory",2,3
2208,Game Play Analysis II,EASY,Database,2,3
2209,Get Maximum in Generated Array,EASY,"Array, Simulation",2,3
2210,Good Subsequence Queries,HARD,"Array, Math, Segment Tree, Number Theory",2,3
2211,High-Access Employees,MEDIUM,"Array, Hash Table, String, Sorting",2,3
2212,Highest Grade For Each Student,MEDIUM,Database,2,3
2213,Increasing Decreasing String,EASY,"Hash Table, String, Counting",2,3
2214,Intersection of Multiple Arrays,EASY,"Array, Hash Table, Sorting, Counting",2,3
2215,Largest BST Subtree,MEDIUM,"Dynamic Programming, Tree, Depth-First Search, Binary Search Tree, Binary Tree, DP on Trees",2,3
2216,Largest Prime from Consecutive Prime Sum,MEDIUM,"Array, Math, Number Theory",2,3
2217,Largest Sum of Averages,MEDIUM,"Array, Dynamic Programming, Prefix Sum",2,3
2218,Lexicographically Smallest String After Deleting Duplicate Characters,HARD,"Hash Table, String, Stack, Greedy, Monotonic Stack",2,3
2219,Longest Common Suffix Queries,HARD,"Array, String, Trie",2,3
2220,Longest Even Odd Subarray With Threshold,EASY,"Array, Sliding Window",2,3
2221,Longest Ideal Subsequence,MEDIUM,"Hash Table, String, Dynamic Programming",2,3
2222,Longest Uncommon Subsequence I,EASY,String,2,3
2223,Longest Unequal Adjacent Groups Subsequence II,MEDIUM,"Array, String, Dynamic Programming",2,3
2224,Make Array Non-decreasing or Non-increasing,HARD,"Array, Dynamic Programming, Greedy, Heap (Priority Queue)",2,3
2225,Make Two Arrays Equal by Reversing Subarrays,EASY,"Array, Hash Table, Sorting",2,3
2226,Make the XOR of All Segments Equal to Zero,HARD,"Array, Hash Table, Dynamic Programming, Bit Manipulation, Counting",2,3
2227,Mark Elements on Array by Performing Queries,MEDIUM,"Array, Hash Table, Sorting, Heap (Priority Queue), Simulation",2,3
2228,Masking Personal Information,MEDIUM,String,2,3
2229,Maximize the Distance Between Points on a Square,HARD,"Array, Math, Binary Search, Geometry, Sorting",2,3
2230,Maximum Distance Between a Pair of Values,MEDIUM,"Array, Two Pointers, Binary Search",2,3
2231,Maximum Length of Subarray With Positive Product,MEDIUM,"Array, Dynamic Programming, Greedy",2,3
2232,Maximum Median Sum of Subsequences of Size 3,MEDIUM,"Array, Math, Greedy, Sorting, Game Theory",2,3
2233,Maximum Nesting Depth of Two Valid Parentheses Strings,MEDIUM,"String, Stack, Bracket Sequences",2,3
2234,Maximum Number of Accepted Invitations,MEDIUM,"Array, Depth-First Search, Graph Theory, Matrix, Maximum Flow, Maximum Matching, Bipartite Graph, Edmonds–Karp Algorithm, MPM Algorithm, Push-Relabel Algorithm, Matching (Graph), Flow Network, Dinic's Algorithm",2,3
2235,Maximum Number of Coins You Can Get,MEDIUM,"Array, Math, Greedy, Sorting, Game Theory",2,3
2236,Maximum Number of Integers to Choose From a Range I,MEDIUM,"Array, Hash Table, Binary Search, Greedy, Sorting",2,3
2237,Maximum Number of Jumps to Reach the Last Index,MEDIUM,"Array, Dynamic Programming",2,3
2238,Maximum Number of Points with Cost,MEDIUM,"Array, Dynamic Programming, Matrix",2,3
2239,Maximum Product After K Increments,MEDIUM,"Array, Greedy, Heap (Priority Queue)",2,3
2240,Maximum Product of First and Last Elements of a Subsequence,MEDIUM,"Array, Two Pointers",2,3
2241,Maximum Score of a Good Subarray,HARD,"Array, Two Pointers, Binary Search, Stack, Monotonic Stack, Cartesian Tree",2,3
2242,Maximum Score with Co-Prime Element,HARD,"Array, Hash Table, Math, Combinatorics, Enumeration, Number Theory",2,3
2243,Maximum Segment Sum After Removals,HARD,"Array, Union-Find, Prefix Sum, Ordered Set",2,3
2244,Maximum Size of a Set After Removals,MEDIUM,"Array, Hash Table, Greedy",2,3
2245,Maximum Spending After Buying Items,HARD,"Array, Greedy, Sorting, Heap (Priority Queue), Matrix",2,3
2246,Maximum Strength of K Disjoint Subarrays,HARD,"Array, Dynamic Programming, Prefix Sum",2,3
2247,Maximum Subarray Sum After Multiplier,MEDIUM,"Array, Dynamic Programming",2,3
2248,Maximum Subtree of the Same Color,MEDIUM,"Array, Dynamic Programming, Tree, Depth-First Search",2,3
2249,Maximum Sum of Subsequence With Non-adjacent Elements,HARD,"Array, Divide and Conquer, Dynamic Programming, Segment Tree",2,3
2250,Maximum XOR After Operations,MEDIUM,"Array, Math, Bit Manipulation",2,3
2251,Maximum XOR for Each Query,MEDIUM,"Array, Bit Manipulation, Prefix Sum",2,3
2252,Median Employee Salary,HARD,Database,2,3
2253,Minimize Malware Spread II,HARD,"Array, Hash Table, Depth-First Search, Breadth-First Search, Union-Find, Graph Theory",2,3
2254,Minimize the Maximum Edge Weight of Graph,MEDIUM,"Binary Search, Depth-First Search, Breadth-First Search, Graph Theory, Shortest Path",2,3
2255,Minimum Absolute Difference in Sliding Submatrix,MEDIUM,"Array, Sorting, Matrix",2,3
2256,Minimum Adjacent Swaps to Reach the Kth Smallest Number,MEDIUM,"Two Pointers, String, Greedy",2,3
2257,Minimum Amount of Time to Collect Garbage,MEDIUM,"Array, String, Prefix Sum",2,3
2258,Minimum Average of Smallest and Largest Elements,EASY,"Array, Two Pointers, Sorting",2,3
2259,Minimum Cost to Reach City With Discounts,MEDIUM,"Graph Theory, Heap (Priority Queue), Shortest Path, Dijkstra's Algorithm",2,3
2260,Minimum Cost to Set Cooking Time,MEDIUM,"Math, Enumeration",2,3
2261,Minimum Degree of a Connected Trio in a Graph,HARD,"Graph Theory, Enumeration",2,3
2262,Minimum Distance Between Three Equal Elements I,EASY,"Array, Hash Table",2,3
2263,Minimum Distance to Type a Word Using Two Fingers,HARD,"String, Dynamic Programming",2,3
2264,Minimum Non-Zero Product of the Array Elements,MEDIUM,"Math, Greedy, Recursion",2,3
2265,Minimum Number of Operations to Make Arrays Similar,HARD,"Array, Greedy, Sorting",2,3
2266,Minimum Number of Operations to Make Word K-Periodic,MEDIUM,"Hash Table, String, Counting",2,3
2267,Minimum Number of Swaps to Make the Binary String Alternating,MEDIUM,"String, Greedy",2,3
2268,Minimum Operations to Make a Subsequence,HARD,"Array, Hash Table, Binary Search, Greedy, Longest Increasing Subsequence",2,3
2269,Minimum Path Cost in a Hidden Grid,MEDIUM,"Array, Depth-First Search, Breadth-First Search, Graph Theory, Heap (Priority Queue), Matrix, Interactive, Shortest Path",2,3
2270,Minimum Speed to Arrive on Time,MEDIUM,"Array, Binary Search",2,3
2271,Minimum Subsequence in Non-Increasing Order,EASY,"Array, Greedy, Sorting",2,3
2272,Minimum Time to Type Word Using Special Typewriter,EASY,"String, Greedy",2,3
2273,Minimum Unique Word Abbreviation,HARD,"Array, String, Backtracking, Bit Manipulation",2,3
2274,Missing Number In Arithmetic Progression,EASY,"Array, Math",2,3
2275,Number of Boomerangs,MEDIUM,"Array, Hash Table, Math",2,3
2276,Number of Distinct Averages,EASY,"Array, Hash Table, Two Pointers, Sorting",2,3
2277,Number of Even and Odd Bits,EASY,Bit Manipulation,2,3
2278,Number of Great Partitions,HARD,"Array, Dynamic Programming",2,3
2279,Number of Increasing Paths in a Grid,HARD,"Array, Dynamic Programming, Depth-First Search, Breadth-First Search, Graph Theory, Topological Sort, Memoization, Matrix",2,3
2280,Number of Music Playlists,HARD,"Math, Dynamic Programming, Combinatorics",2,3
2281,Number of Pairs of Strings With Concatenation Equal to Target,MEDIUM,"Array, Hash Table, String, Counting",2,3
2282,Number of Same-End Substrings,MEDIUM,"Array, Hash Table, String, Counting, Prefix Sum",2,3
2283,Number of Squareful Arrays,HARD,"Array, Hash Table, Math, Dynamic Programming, Backtracking, Bit Manipulation, Bitmask",2,3
2284,Number of Subarrays That Match a Pattern II,HARD,"Array, Rolling Hash, String Matching, Hash Function",2,3
2285,Number of Unique Flavors After Sharing K Candies,MEDIUM,"Array, Hash Table, Sliding Window",2,3
2286,Number of Unique Good Subsequences,HARD,"String, Dynamic Programming",2,3
2287,Number of Valid Move Combinations On Chessboard,HARD,"Array, String, Backtracking, Simulation",2,3
2288,Number of Wonderful Substrings,MEDIUM,"Hash Table, String, Bit Manipulation, Prefix Sum",2,3
2289,Optimize Water Distribution in a Village,HARD,"Union-Find, Graph Theory, Heap (Priority Queue), Minimum Spanning Tree, Prim's Algorithm, Kruskal's Algorithm, Borůvka's Algorithm",2,3
2290,Paint House II,HARD,"Array, Dynamic Programming",2,3
2291,People Whose List of Favorite Companies Is Not a Subset of Another List,MEDIUM,"Array, Hash Table, String",2,3
2292,Plus One Linked List,MEDIUM,"Linked List, Math",2,3
2293,Prefix and Suffix Search,HARD,"Array, Hash Table, String, Design, Trie",2,3
2294,Print Zero Even Odd,MEDIUM,Concurrency,2,3
2295,Put Boxes Into the Warehouse II,MEDIUM,"Array, Greedy, Sorting",2,3
2296,Range Sum of Sorted Subarray Sums,MEDIUM,"Array, Two Pointers, Binary Search, Sorting, Prefix Sum",2,3
2297,Remove Duplicates From an Unsorted Linked List,MEDIUM,"Hash Table, Linked List",2,3
2298,Remove Palindromic Subsequences,EASY,"Two Pointers, String",2,3
2299,Report Contiguous Dates,HARD,Database,2,3
2300,Shortest Path to Get Food,MEDIUM,"Array, Breadth-First Search, Matrix",2,3
2301,Shortest String That Contains Three Strings,MEDIUM,"String, Greedy, Enumeration",2,3
2302,Smallest Range I,EASY,"Array, Math",2,3
2303,Smallest Value of the Rearranged Number,MEDIUM,"Math, Sorting",2,3
2304,Solve the Equation,MEDIUM,"Math, String, Simulation, Linear Algebra",2,3
2305,Sort the Students by Their Kth Score,MEDIUM,"Array, Sorting, Matrix",2,3
2306,Split Array into Fibonacci Sequence,MEDIUM,"String, Backtracking",2,3
2307,Stable Subarrays With Equal Boundary and Interior Sum,MEDIUM,"Array, Hash Table, Prefix Sum",2,3
2308,Stone Game VII,MEDIUM,"Array, Math, Dynamic Programming, Minimax, Game Theory, Zero-Sum Game",2,3
2309,Strobogrammatic Number,EASY,"Hash Table, Two Pointers, String",2,3
2310,Strobogrammatic Number II,MEDIUM,"Array, String, Recursion",2,3
2311,Sum of Beautiful Subsequences,HARD,"Array, Math, Binary Indexed Tree, Number Theory",2,3
2312,Sum of Digit Differences of All Pairs,MEDIUM,"Array, Hash Table, Math, Counting",2,3
2313,Swap For Longest Repeated Character Substring,MEDIUM,"Hash Table, String, Sliding Window",2,3
2314,Tag Validator,HARD,"String, Stack",2,3
2315,The Employee That Worked on the Longest Task,EASY,Array,2,3
2316,The Number of Good Subsets,HARD,"Array, Hash Table, Math, Dynamic Programming, Bit Manipulation, Counting, Number Theory, Bitmask, Sieve Theory",2,3
2317,Top Travellers,EASY,Database,2,3
2318,Transform to Chessboard,HARD,"Array, Math, Bit Manipulation, Matrix",2,3
2319,Truncate Sentence,EASY,"Array, String",2,3
2320,Twisted Mirror Path Count,MEDIUM,"Array, Dynamic Programming, Matrix",2,3
2321,Two Out of Three,EASY,"Array, Hash Table, Bit Manipulation",2,3
2322,Two Sum III - Data structure design,EASY,"Array, Hash Table, Two Pointers, Design, Data Stream",2,3
2323,Ugly Number III,MEDIUM,"Math, Binary Search, Combinatorics, Number Theory, Least Common Multiple, Euclidean Algorithm, Greatest Common Divisor, Inclusion-Exclusion Principle",2,3
2324,Unique Substrings in Wraparound String,MEDIUM,"String, Dynamic Programming",2,3
2325,X of a Kind in a Deck of Cards,EASY,"Array, Hash Table, Math, Counting, Number Theory, Euclidean Algorithm, Greatest Common Divisor",2,3
2326,XOR After Range Multiplication Queries II,HARD,"Array, Divide and Conquer, Prefix Sum",2,3
2327,XOR Operation in an Array,EASY,"Math, Bit Manipulation",2,3
2328,Average Value of Even Numbers That Are Divisible by Three,EASY,"Array, Math",2,2
2329,Bitwise OR of Even Numbers in an Array,EASY,"Array, Bit Manipulation, Simulation",2,2
2330,Check if a String Is an Acronym of Words,EASY,"Array, String",2,2
2331,Count Anagrams,HARD,"Hash Table, Math, String, Combinatorics, Counting, Fermat's Little Theorem",2,2
2332,Count Beautiful Numbers,HARD,Dynamic Programming,2,2
2333,Count Positions on Street With Required Brightness,MEDIUM,"Array, Prefix Sum",2,2
2334,Count Sequences to K,HARD,"Array, Math, Dynamic Programming, Memoization, Number Theory",2,2
2335,Count Subarrays With Majority Element II,HARD,"Array, Hash Table, Divide and Conquer, Segment Tree, Merge Sort, Prefix Sum",2,2
2336,Design Exam Scores Tracker,MEDIUM,"Array, Binary Search, Design, Prefix Sum",2,2
2337,Dice Roll Simulation,HARD,"Array, Dynamic Programming",2,2
2338,Distribute Candies Among Children I,EASY,"Math, Combinatorics, Enumeration",2,2
2339,Distribute Candies Among Children III,HARD,"Math, Combinatorics",2,2
2340,Divide Chocolate,HARD,"Array, Binary Search",2,2
2341,Find Distance in a Binary Tree,MEDIUM,"Hash Table, Tree, Depth-First Search, Breadth-First Search, Binary Tree, Binary Lifting, Lowest Common Ancestor",2,2
2342,Find Product Recommendation Pairs,MEDIUM,Database,2,2
2343,Find the Distinct Difference Array,EASY,"Array, Hash Table",2,2
2344,Find the Sum of the Power of All Subsequences,HARD,"Array, Dynamic Programming, Knapsack Problem, 0-1 Knapsack",2,2
2345,Flip Game II,MEDIUM,"Math, Dynamic Programming, Backtracking, Memoization, Minimax, Game Theory, Sprague–Grundy Theorem, Impartial Game",2,2
2346,Kth Distinct String in an Array,EASY,"Array, Hash Table, String, Counting",2,2
2347,Largest Palindrome Product,HARD,"Math, Enumeration",2,2
2348,Market Analysis II,HARD,Database,2,2
2349,Match Alphanumerical Pattern in Matrix I,MEDIUM,"Array, Hash Table, String, Matrix",2,2
2350,Maximize Sum of Device Ratings,MEDIUM,"Dynamic Programming, Greedy",2,2
2351,Maximum Compatibility Score Sum,MEDIUM,"Array, Dynamic Programming, Backtracking, Bit Manipulation, Bitmask, Hungarian Algorithm, Bipartite Graph, Successive Shortest Path Algorithm, Matching (Graph), Perfect Matching, Minimum-Cost Flow, Flow Network",2,2
2352,Maximum Partition Factor,HARD,"Array, Binary Search, Depth-First Search, Breadth-First Search, Union-Find, Graph Theory",2,2
2353,Maximum XOR of Two Non-Overlapping Subtrees,HARD,"Tree, Depth-First Search, Graph Theory, Trie",2,2
2354,Maximum of Absolute Value Expression,MEDIUM,"Array, Math",2,2
2355,Mice and Cheese,MEDIUM,"Array, Greedy, Sorting, Heap (Priority Queue)",2,2
2356,Minimize Deviation in Array,HARD,"Array, Greedy, Heap (Priority Queue), Ordered Set",2,2
2357,Minimize Length of Array Using Operations,MEDIUM,"Array, Math, Greedy, Number Theory",2,2
2358,Minimize the Difference Between Target and Chosen Elements,MEDIUM,"Array, Dynamic Programming, Matrix",2,2
2359,Minimum Cost to Buy Apples,MEDIUM,"Array, Graph Theory, Heap (Priority Queue), Shortest Path",2,2
2360,Minimum Right Shifts to Sort the Array,EASY,Array,2,2
2361,Minimum Total Cost to Make Arrays Unequal,HARD,"Array, Hash Table, Greedy, Counting",2,2
2362,Most Popular Video Creator,MEDIUM,"Array, Hash Table, String, Sorting, Heap (Priority Queue)",2,2
2363,Number of Nodes in the Sub-Tree With the Same Label,MEDIUM,"Hash Table, Tree, Depth-First Search, Breadth-First Search, Counting, DP on Trees",2,2
2364,Number of Possible Sets of Closing Branches,HARD,"Bit Manipulation, Graph Theory, Heap (Priority Queue), Enumeration, Shortest Path",2,2
2365,Previous Permutation With One Swap,MEDIUM,"Array, Greedy",2,2
2366,Process Restricted Friend Requests,HARD,"Union-Find, Graph Theory",2,2
2367,Queens That Can Attack the King,MEDIUM,"Array, Matrix, Simulation",2,2
2368,Reachable Nodes With Restrictions,MEDIUM,"Array, Hash Table, Tree, Depth-First Search, Breadth-First Search, Union-Find, Graph Theory",2,2
2369,Rearrange Spaces Between Words,EASY,String,2,2
2370,Shortest Impossible Sequence of Rolls,HARD,"Array, Hash Table, Greedy",2,2
2371,Smallest Index With Equal Value,EASY,Array,2,2
2372,Split BST,MEDIUM,"Tree, Binary Search Tree, Recursion, Binary Tree",2,2
2373,Subsequence of Size K With the Largest Even Sum,MEDIUM,"Array, Greedy, Sorting",2,2
2374,Three Equal Parts,HARD,"Array, Math",2,2
2375,User Activity for the Past 30 Days II,EASY,Database,2,2
2376,Maximum Area of Two Non-Overlapping Square Submatrices,MEDIUM,"Array, Dynamic Programming, Matrix",1,5
2377,Reward Top K Students,MEDIUM,"Array, Hash Table, String, Sorting, Heap (Priority Queue)",1,5
2378,Apply Substitutions,MEDIUM,"Array, Hash Table, String, Depth-First Search, Breadth-First Search, Graph Theory, Topological Sort",1,4
2379,Count Valid Sequences,MEDIUM,"Dynamic Programming, Combinatorics",1,4
2380,Design a Todo List,MEDIUM,"Array, Hash Table, String, Design, Sorting",1,4
2381,Longest Non-Decreasing Subarray After Replacing at Most One Element,MEDIUM,"Array, Dynamic Programming",1,4
2382,Maximum K to Sort a Permutation,MEDIUM,"Array, Bit Manipulation",1,4
2383,Minimum Operations to Make Array Non Decreasing,MEDIUM,"Array, Greedy",1,4
2384,Sum of Total Strength of Wizards,HARD,"Array, Stack, Monotonic Stack, Prefix Sum",1,4
2385,Transform Binary String Using Subsequence Sort,MEDIUM,"String, Greedy, Sorting",1,4
2386,Unique Middle Element,EASY,"Array, Hash Table",1,4
2387,Widest Possible Fence,MEDIUM,"Array, Sorting, Greedy",1,4
2388,Apply Discount to Prices,MEDIUM,String,1,3
2389,Array Transformation,EASY,"Array, Simulation",1,3
2390,Count Special Integers,HARD,"Math, Dynamic Programming",1,3
2391,Find Indices of Stable Mountains,EASY,Array,1,3
2392,Frequency Balance Subarray,MEDIUM,"Array, Hash Table, Prefix Sum",1,3
2393,Lexicographically Smallest Negated Permutation that Sums to Target,MEDIUM,"Array, Math, Two Pointers, Greedy, Sorting",1,3
2394,Limit Occurrences in Sorted Array,EASY,"Array, Two Pointers",1,3
2395,Longest Arithmetic Sequence After Changing At Most One Element,MEDIUM,"Array, Enumeration",1,3
2396,Maximum Subarray Sum After at Most K Swaps,HARD,"Array, Dynamic Programming, Greedy",1,3
2397,Minimum Cost to Convert String III,HARD,"String, Dynamic Programming",1,3
2398,Minimum Number of Groups to Create a Valid Assignment,MEDIUM,"Array, Hash Table, Greedy",1,3
2399,Minimum Operations to Sort a Permutation,MEDIUM,Array,1,3
2400,Minimum Total Cost to Process All Elements,MEDIUM,"Dynamic Programming, Greedy",1,3
2401,Smallest Common Region,MEDIUM,"Array, Hash Table, String, Tree, Depth-First Search, Breadth-First Search, Binary Lifting, Lowest Common Ancestor",1,3
2402,Subarrays Distinct Element Sum of Squares I,EASY,"Array, Hash Table, Segment Tree",1,3
2403,Substring With Largest Variance,HARD,"Hash Table, String, Dynamic Programming, Enumeration",1,3
2404,Active Users,MEDIUM,Database,1,2
2405,Adjacent Increasing Subarrays Detection II,MEDIUM,"Array, Binary Search",1,2
2406,All Paths from Source Lead to Destination,MEDIUM,"Graph Theory, Topological Sort, Kosaraju's Algorithm, Tarjan's SCC Algorithm",1,2
2407,Analyze Organization Hierarchy,HARD,Database,1,2
2408,Analyze Subscription Conversion,MEDIUM,Database,1,2
2409,Android Unlock Patterns,MEDIUM,"Dynamic Programming, Backtracking, Bit Manipulation, Bitmask",1,2
2410,Arithmetic Subarrays,MEDIUM,"Array, Hash Table, Sorting",1,2
2411,Available Captures for Rook,EASY,"Array, Matrix, Simulation",1,2
2412,Bank Account Summary II,EASY,Database,1,2
2413,Best Position for a Service Centre,HARD,"Array, Math, Geometry, Randomized",1,2
2414,Binary Search Tree Iterator II,MEDIUM,"Stack, Tree, Design, Binary Search Tree, Binary Tree, Iterator",1,2
2415,Binary String With Substrings Representing 1 To N,MEDIUM,"Hash Table, String, Bit Manipulation, Sliding Window",1,2
2416,Binary Tree Nodes,MEDIUM,Database,1,2
2417,Build a Matrix With Conditions,HARD,"Array, Graph Theory, Topological Sort, Matrix, Directed Acyclic Graph",1,2
2418,Button with Longest Push Time,EASY,Array,1,2
2419,Calculate Compressed Mean,EASY,Database,1,2
2420,Calculate Score After Performing Instructions,MEDIUM,"Array, Hash Table, String, Simulation",1,2
2421,Card Flipping Game,MEDIUM,"Array, Hash Table",1,2
2422,Cat and Mouse II,HARD,"Array, Math, Dynamic Programming, Graph Theory, Topological Sort, Memoization, Minimax, Matrix, Game Theory, Zero-Sum Game",1,2
2423,Cells with Odd Values in a Matrix,EASY,"Array, Math, Simulation",1,2
2424,Change Data Type,EASY,"Pandas, DataFrame, Data Cleaning",1,2
2425,Check Balanced String,EASY,String,1,2
2426,Check Digitorial Permutation,MEDIUM,"Math, Counting",1,2
2427,Check Distances Between Same Letters,EASY,"Array, Hash Table, String",1,2
2428,Check If Digits Are Equal in String After Operations II,HARD,"Math, String, Combinatorics, Number Theory",1,2
2429,Check If It Is a Straight Line,EASY,"Array, Math, Geometry",1,2
2430,Check if DFS Strings Are Palindromes,HARD,"Array, Hash Table, String, Tree, Depth-First Search, Hash Function",1,2
2431,Check if Number Has Equal Digit Count and Digit Value,EASY,"Hash Table, String, Counting",1,2
2432,Check if There is a Path With Equal Number of 0's And 1's,MEDIUM,"Array, Dynamic Programming, Matrix",1,2
2433,Check if There is a Valid Partition For The Array,MEDIUM,"Array, Dynamic Programming",1,2
2434,Check if Word Can Be Placed In Crossword,MEDIUM,"Array, Matrix, Enumeration",1,2
2435,Check if the Rectangle Corner Is Reachable,HARD,"Array, Math, Depth-First Search, Breadth-First Search, Union-Find, Geometry",1,2
2436,Choose K Elements With Maximum Sum,MEDIUM,"Array, Sorting, Heap (Priority Queue)",1,2
2437,Class Performance,MEDIUM,Database,1,2
2438,Classifying Triangles by Lengths,EASY,"Database, Polygons",1,2
2439,Closest Node to Path in Tree,HARD,"Array, Tree, Depth-First Search, Breadth-First Search",1,2
2440,Closest Nodes Queries in a Binary Search Tree,MEDIUM,"Array, Binary Search, Tree, Depth-First Search, Binary Search Tree, Binary Tree",1,2
2441,Compute Decimal Representation,EASY,"Array, Math",1,2
2442,Concatenated Divisibility,HARD,"Array, Dynamic Programming, Bit Manipulation, Bitmask",1,2
2443,Construct Target Array With Multiple Sums,HARD,"Array, Heap (Priority Queue)",1,2
2444,Convert JSON String to Object,HARD,"JavaScript, JSON",1,2
2445,Convert an Array Into a 2D Array With Conditions,MEDIUM,"Array, Hash Table",1,2
2446,Count Almost Equal Pairs I,MEDIUM,"Array, Hash Table, Sorting, Counting, Enumeration",1,2
2447,Count Beautiful Substrings I,MEDIUM,"Hash Table, Math, String, Enumeration, Number Theory, Prefix Sum",1,2
2448,Count Caesar Cipher Pairs,MEDIUM,"Array, Hash Table, Math, String, Counting",1,2
2449,Count Cells in Overlapping Horizontal and Vertical Substrings,MEDIUM,"Array, String, Rolling Hash, String Matching, Matrix, Hash Function",1,2
2450,Count Common Words With One Occurrence,EASY,"Array, Hash Table, String, Counting",1,2
2451,Count Distinct Integers After Removing Zeros,MEDIUM,"Math, Dynamic Programming",1,2
2452,Count Elements With Strictly Smaller and Greater Elements,EASY,"Array, Sorting, Counting",1,2
2453,Count Lattice Points Inside a Circle,MEDIUM,"Array, Hash Table, Math, Geometry, Enumeration",1,2
2454,Count Number of Distinct Integers After Reverse Operations,MEDIUM,"Array, Hash Table, Math, Counting",1,2
2455,Count Pairs That Form a Complete Day I,EASY,"Array, Hash Table, Counting",1,2
2456,Count Pairs That Form a Complete Day II,MEDIUM,"Array, Hash Table, Counting",1,2
2457,Count Paths With the Given XOR Value,MEDIUM,"Array, Dynamic Programming, Bit Manipulation, Matrix",1,2
2458,Count Prime-Gap Balanced Subarrays,MEDIUM,"Array, Math, Queue, Sliding Window, Number Theory, Monotonic Queue",1,2
2459,Count Routes to Climb a Rectangular Grid,HARD,"Array, Dynamic Programming, Matrix, Prefix Sum",1,2
2460,Count Sorted Vowel Strings,MEDIUM,"Math, Dynamic Programming, Combinatorics",1,2
2461,Count Special Subsequences,MEDIUM,"Array, Hash Table, Math, Enumeration",1,2
2462,Count Substrings Divisible By Last Digit,HARD,"String, Dynamic Programming",1,2
2463,Count Substrings That Can Be Rearranged to Contain a String I,MEDIUM,"Hash Table, String, Sliding Window",1,2
2464,Count Substrings With K-Frequency Characters I,MEDIUM,"Hash Table, String, Sliding Window",1,2
2465,Count Substrings Without Repeating Character,MEDIUM,"Hash Table, String, Sliding Window",1,2
2466,Count Substrings with Only One Distinct Letter,EASY,"Math, String",1,2
2467,Count The Number of Winning Sequences,HARD,"String, Dynamic Programming",1,2
2468,Count The Repetitions,HARD,"Two Pointers, String, Dynamic Programming",1,2
2469,Count Unique Characters of All Substrings of a Given String,HARD,"Hash Table, String, Dynamic Programming",1,2
2470,Count Valid Paths in a Tree,HARD,"Math, Dynamic Programming, Tree, Depth-First Search, Number Theory, Primality Test, Sieve Theory, Prime Number Sieve",1,2
2471,Count Vowels Permutation,HARD,Dynamic Programming,1,2
2472,Cracking the Safe,HARD,"String, Depth-First Search, Graph Theory, Eulerian Circuit, Eulerian Path, Eulerian Graph",1,2
2473,Create Components With Same Value,HARD,"Array, Math, Tree, Depth-First Search, Enumeration",1,2
2474,DNA Pattern Recognition,MEDIUM,Database,1,2
2475,Deep Merge of Two Objects,MEDIUM,"JavaScript, Recursion, Object-Oriented Programming",1,2
2476,Design Auction System,MEDIUM,"Hash Table, Design, Heap (Priority Queue), Ordered Set",1,2
2477,Design Compressed String Iterator,EASY,"Array, String, Design, Iterator",1,2
2478,Design a 3D Binary Matrix with Efficient Layer Tracking,MEDIUM,"Array, Hash Table, Design, Heap (Priority Queue), Matrix, Ordered Set",1,2
2479,Design a Number Container System,MEDIUM,"Hash Table, Design, Heap (Priority Queue), Ordered Set",1,2
2480,Design an Array Statistics Tracker,HARD,"Hash Table, Binary Search, Design, Queue, Heap (Priority Queue), Data Stream, Ordered Set",1,2
2481,Design an Expression Tree With Evaluate Function,MEDIUM,"Array, Math, Stack, Tree, Design, Binary Tree",1,2
2482,Determine if String Halves Are Alike,EASY,"String, Counting",1,2
2483,Differences Between Two Objects,MEDIUM,"JavaScript, Object, Hash Table",1,2
2484,Disconnect Path in a Binary Matrix by at Most One Flip,MEDIUM,"Array, Dynamic Programming, Depth-First Search, Breadth-First Search, Matrix",1,2
2485,Display Table of Food Orders in a Restaurant,MEDIUM,"Array, Hash Table, String, Sorting, Ordered Set",1,2
2486,Eat Pizzas!,MEDIUM,"Array, Greedy, Sorting",1,2
2487,Evaluate Boolean Binary Tree,EASY,"Tree, Depth-First Search, Binary Tree",1,2
2488,Execute Asynchronous Functions in Parallel,MEDIUM,"JavaScript, Promise, Asynchronous Programming",1,2
2489,Fill a Special Grid,MEDIUM,"Array, Divide and Conquer, Matrix",1,2
2490,Find Books with No Available Copies,EASY,Database,1,2
2491,Find COVID Recovery Patients,MEDIUM,Database,1,2
2492,Find Candidates for Data Scientist Position,EASY,Database,1,2
2493,Find Expensive Cities,EASY,Database,1,2
2494,Find Longest Self-Contained Substring,HARD,"Hash Table, String, Sorting",1,2
2495,Find Maximal Uncovered Ranges,MEDIUM,"Array, Sorting",1,2
2496,Find Maximum Number of Non Intersecting Substrings,MEDIUM,"Hash Table, String, Dynamic Programming, Greedy",1,2
2497,Find Nth Smallest Integer With K One Bits,HARD,"Math, Bit Manipulation, Combinatorics",1,2
2498,Find Occurrences of an Element in an Array,MEDIUM,"Array, Hash Table",1,2
2499,Find Peak Calling Hours for Each City,MEDIUM,Database,1,2
2500,Find Shortest Path with K Hops,HARD,"Graph Theory, Heap (Priority Queue), Shortest Path",1,2
2501,Find Special Substring of Length K,EASY,String,1,2
2502,Find Students Who Improved,MEDIUM,Database,1,2
2503,Find Substring With Given Hash Value,HARD,"String, Sliding Window, Rolling Hash, Hash Function",1,2
2504,Find Third Transaction,MEDIUM,Database,1,2
2505,Find Weighted Median Node in Tree,HARD,"Array, Binary Search, Dynamic Programming, Bit Manipulation, Tree, Depth-First Search",1,2
2506,Find X Value of Array I,MEDIUM,"Array, Math, Dynamic Programming",1,2
2507,Find X Value of Array II,HARD,"Array, Math, Segment Tree",1,2
2508,Find a Corresponding Node of a Binary Tree in a Clone of That Tree,EASY,"Tree, Depth-First Search, Breadth-First Search, Binary Tree",1,2
2509,Find the Count of Monotonic Pairs I,HARD,"Array, Math, Dynamic Programming, Combinatorics, Prefix Sum",1,2
2510,Find the Count of Monotonic Pairs II,HARD,"Array, Math, Dynamic Programming, Combinatorics, Prefix Sum",1,2
2511,Find the Count of Numbers Which Are Not Special,MEDIUM,"Array, Math, Number Theory",1,2
2512,Find the Key of the Numbers,EASY,Math,1,2
2513,Find the Longest Balanced Substring of a Binary String,EASY,String,1,2
2514,Find the Maximum Factor Score of Array,MEDIUM,"Array, Math, Number Theory, Least Common Multiple",1,2
2515,Find the Maximum Sequence Value of Array,HARD,"Array, Dynamic Programming, Bit Manipulation",1,2
2516,Find the Minimum Cost Array Permutation,HARD,"Array, Dynamic Programming, Bit Manipulation, Bitmask",1,2
2517,Find the Most Common Response,MEDIUM,"Array, Hash Table, String, Counting",1,2
2518,Find the Number of Copy Arrays,MEDIUM,"Array, Math",1,2
2519,Find the Number of Possible Ways for an Event,HARD,"Math, Dynamic Programming, Combinatorics",1,2
2520,Find the Number of Winning Players,EASY,"Array, Hash Table, Counting",1,2
2521,Find the Occurrence of First Almost Equal Substring,HARD,"String, String Matching, Knuth–Morris–Pratt Algorithm",1,2
2522,Find the String with LCP,HARD,"Array, String, Dynamic Programming, Greedy, Union-Find, Matrix",1,2
2523,Find the Student that Will Replace the Chalk,MEDIUM,"Array, Binary Search, Simulation, Prefix Sum",1,2
2524,Find the Winning Player in Coin Game,EASY,"Math, Simulation, Game Theory",1,2
2525,Finding MK Average,HARD,"Design, Queue, Heap (Priority Queue), Data Stream, Ordered Set, Treap",1,2
2526,First and Last Call On the Same Day,HARD,Database,1,2
2527,Form Smallest Number From Two Digit Arrays,EASY,"Array, Hash Table, Enumeration",1,2
2528,Frequencies of Shortest Supersequences,HARD,"Array, String, Bit Manipulation, Graph Theory, Topological Sort, Enumeration",1,2
2529,Friday Purchases I,MEDIUM,Database,1,2
2530,Friend Requests I: Overall Acceptance Rate,EASY,Database,1,2
2531,GCD Sort of an Array,HARD,"Array, Math, Union-Find, Sorting, Number Theory, Prime Factorization, Euclidean Algorithm, Greatest Common Divisor",1,2
2532,Generate Random Point in a Circle,MEDIUM,"Math, Geometry, Rejection Sampling, Randomized",1,2
2533,Generate Schedule,MEDIUM,"Array, Math, Greedy",1,2
2534,Generate Tag for Video Caption,EASY,"String, Simulation",1,2
2535,Generate a String With Characters That Have Odd Counts,EASY,String,1,2
2536,Get the Size of a DataFrame,EASY,"Pandas, DataFrame",1,2
2537,Goal Parser Interpretation,EASY,String,1,2
2538,Graph Connectivity With Threshold,HARD,"Array, Math, Union-Find, Number Theory",1,2
2539,Happy Students,MEDIUM,"Array, Sorting, Enumeration",1,2
2540,Harshad Number,EASY,Math,1,2
2541,Hash Divided String,MEDIUM,"String, Simulation",1,2
2542,Hexadecimal and Hexatrigesimal Conversion,EASY,"Math, String",1,2
2543,Hexspeak,EASY,"Math, String",1,2
2544,How Many Apples Can You Put into the Basket,EASY,"Array, Greedy, Sorting",1,2
2545,Image Overlap,MEDIUM,"Array, Matrix",1,2
2546,Implement Trie II (Prefix Tree),MEDIUM,"Hash Table, String, Design, Trie",1,2
2547,Is Object Empty,EASY,"JavaScript, Object",1,2
2548,K-Concatenation Maximum Sum,MEDIUM,"Array, Dynamic Programming",1,2
2549,K-th Largest Perfect Subtree Size in Binary Tree,MEDIUM,"Tree, Depth-First Search, Sorting, Binary Tree",1,2
2550,K-th Nearest Obstacle Queries,MEDIUM,"Array, Heap (Priority Queue)",1,2
2551,Kth Smallest Instructions,HARD,"Array, Math, Dynamic Programming, Combinatorics",1,2
2552,Largest Substring Between Two Equal Characters,EASY,"Hash Table, String",1,2
2553,Latest Time by Replacing Hidden Digits,EASY,"String, Greedy",1,2
2554,Lexicographically Smallest String After Applying Operations,MEDIUM,"String, Depth-First Search, Breadth-First Search, Enumeration",1,2
2555,License Key Formatting,EASY,String,1,2
2556,Loan Types,EASY,Database,1,2
2557,Longest Common Prefix Between Adjacent Strings After Removals,MEDIUM,"Array, String",1,2
2558,Longest Palindrome After Substring Concatenation II,HARD,"Two Pointers, String, Dynamic Programming",1,2
2559,Longest Palindromic Subsequence After at Most K Operations,MEDIUM,"String, Dynamic Programming",1,2
2560,Longest Special Path II,HARD,"Array, Hash Table, Tree, Depth-First Search, Prefix Sum",1,2
2561,Longest Uncommon Subsequence II,MEDIUM,"Array, Hash Table, Two Pointers, String, Sorting",1,2
2562,Make Array Non-decreasing,MEDIUM,"Array, Stack, Greedy, Monotonic Stack",1,2
2563,Make Costs of Paths Equal in a Binary Tree,MEDIUM,"Array, Dynamic Programming, Greedy, Tree, Binary Tree",1,2
2564,Make String a Subsequence Using Cyclic Increments,MEDIUM,"Two Pointers, String",1,2
2565,Make a Positive Array,MEDIUM,"Array, Greedy, Prefix Sum",1,2
2566,Making File Names Unique,MEDIUM,"Array, Hash Table, String",1,2
2567,Max Value of Equation,HARD,"Array, Queue, Sliding Window, Heap (Priority Queue), Monotonic Queue",1,2
2568,Maximal Network Rank,MEDIUM,Graph Theory,1,2
2569,Maximize Fixed Points After Deletions,HARD,"Array, Binary Search, Sorting",1,2
2570,Maximize Items,HARD,Database,1,2
2571,Maximize Score After Pair Deletions,MEDIUM,"Array, Greedy",1,2
2572,Maximize Subarray GCD Score,HARD,"Array, Math, Enumeration, Number Theory",1,2
2573,Maximize Y‑Sum by Picking a Triplet of Distinct X‑Values,MEDIUM,"Array, Hash Table, Greedy, Sorting, Heap (Priority Queue)",1,2
2574,Maximize the Minimum Game Score,HARD,"Array, Binary Search, Greedy",1,2
2575,Maximum Alternating Subarray Sum,MEDIUM,"Array, Dynamic Programming",1,2
2576,Maximum Balanced Shipments,MEDIUM,"Array, Dynamic Programming, Stack, Greedy, Monotonic Stack",1,2
2577,Maximum Bitwise AND After Increment Operations,HARD,"Array, Greedy, Bit Manipulation, Sorting",1,2
2578,Maximum Coin Collection,MEDIUM,"Array, Dynamic Programming",1,2
2579,Maximum Containers on a Ship,EASY,Math,1,2
2580,Maximum Difference Score in a Grid,MEDIUM,"Array, Dynamic Programming, Matrix",1,2
2581,Maximum Good Subtree Score,HARD,"Array, Dynamic Programming, Bit Manipulation, Tree, Depth-First Search, Bitmask",1,2
2582,Maximum Number That Sum of the Prices Is Less Than or Equal to K,MEDIUM,"Math, Binary Search, Dynamic Programming, Bit Manipulation",1,2
2583,Maximum Number of Books You Can Take,HARD,"Array, Dynamic Programming, Stack, Monotonic Stack",1,2
2584,Maximum Number of Groups With Increasing Length,HARD,"Array, Math, Binary Search, Greedy, Sorting",1,2
2585,Maximum Number of Items From Sale I,MEDIUM,"Array, Dynamic Programming, Greedy",1,2
2586,Maximum Number of Moves to Kill All Pawns,HARD,"Array, Math, Bit Manipulation, Breadth-First Search, Game Theory, Bitmask",1,2
2587,Maximum Number of Operations With the Same Score II,MEDIUM,"Array, Dynamic Programming, Memoization",1,2
2588,Maximum Number of Subsequences After One Inserting,MEDIUM,"String, Dynamic Programming, Greedy, Prefix Sum",1,2
2589,Maximum Number of Upgradable Servers,MEDIUM,"Array, Math, Binary Search",1,2
2590,Maximum Points After Collecting Coins From All Nodes,HARD,"Array, Dynamic Programming, Bit Manipulation, Tree, Depth-First Search, Memoization, DP on Trees",1,2
2591,Maximum Points After Enemy Battles,MEDIUM,"Array, Greedy",1,2
2592,Maximum Points Tourist Can Earn,MEDIUM,"Array, Dynamic Programming, Matrix",1,2
2593,Maximum Product of Subsequences With an Alternating Sum Equal to K,HARD,"Array, Hash Table, Dynamic Programming",1,2
2594,Maximum Product of the Length of Two Palindromic Subsequences,MEDIUM,"String, Dynamic Programming, Backtracking, Bit Manipulation, Bitmask",1,2
2595,Maximum Score of a Node Sequence,HARD,"Array, Graph Theory, Sorting, Enumeration",1,2
2596,Maximum Subarray With Equal Products,EASY,"Array, Math, Sliding Window, Enumeration, Number Theory",1,2
2597,Maximum Sum of Edge Values in a Graph,HARD,"Math, Greedy, Graph Theory",1,2
2598,Maximum Sum of Three Numbers Divisible by Three,MEDIUM,"Array, Greedy, Sorting, Heap (Priority Queue)",1,2
2599,Maximum Value after Insertion,MEDIUM,"String, Greedy",1,2
2600,Maximum Value of a String in an Array,EASY,"Array, String",1,2
2601,Maximum XOR With an Element From Array,HARD,"Array, Bit Manipulation, Trie",1,2
2602,Memoize II,HARD,"JavaScript, Function, Hash Table",1,2
2603,Merge Operations for Minimum Travel Time,HARD,"Array, Dynamic Programming, Prefix Sum",1,2
2604,Merge Triplets to Form Target Triplet,MEDIUM,"Array, Greedy",1,2
2605,Minimize Array Sum Using Divisible Replacements,MEDIUM,"Array, Hash Table, Math, Greedy, Number Theory",1,2
2606,Minimize Connected Groups by Inserting Interval,MEDIUM,"Array, Binary Search, Sliding Window, Sorting",1,2
2607,Minimize OR of Remaining Elements Using Operations,HARD,"Array, Greedy, Bit Manipulation",1,2
2608,Minimize the Maximum Adjacent Element Difference,HARD,"Array, Binary Search, Greedy",1,2
2609,Minimize the Maximum of Two Arrays,MEDIUM,"Math, Binary Search, Number Theory, Least Common Multiple, Inclusion-Exclusion Principle",1,2
2610,Minimum Adjacent Swaps to Make a Valid Array,MEDIUM,"Array, Greedy",1,2
2611,Minimum Amount of Damage Dealt to Bob,HARD,"Array, Greedy, Sorting",1,2
2612,Minimum Amount of Time to Fill Cups,EASY,"Array, Greedy, Sorting, Heap (Priority Queue)",1,2
2613,Minimum Cost Good Caption,HARD,"String, Dynamic Programming",1,2
2614,Minimum Cost Path with Alternating Directions III,HARD,"Dynamic Programming, Graph, Shortest Path",1,2
2615,Minimum Cost to Buy Apples II,HARD,"Array, Graph Theory, Heap (Priority Queue), Shortest Path",1,2
2616,Minimum Cost to Equalize Array,HARD,"Array, Greedy, Enumeration",1,2
2617,Minimum Cost to Make All Characters Equal,MEDIUM,"String, Dynamic Programming, Greedy",1,2
2618,Minimum Cost to Make Arrays Identical,MEDIUM,"Array, Greedy, Sorting",1,2
2619,Minimum Cost to Split into Ones,MEDIUM,"Math, Dynamic Programming",1,2
2620,Minimum Health to Beat Game,MEDIUM,"Array, Greedy",1,2
2621,Minimum Hours of Training to Win a Competition,EASY,"Array, Greedy",1,2
2622,Minimum K to Reduce Array Within Limit,MEDIUM,"Array, Binary Search",1,2
2623,Minimum Moves to Balance Circular Array,MEDIUM,"Array, Greedy, Sorting",1,2
2624,Minimum Moves to Clean the Classroom,MEDIUM,"Array, Hash Table, Bit Manipulation, Breadth-First Search, Matrix",1,2
2625,Minimum Moves to Convert String,EASY,"String, Greedy",1,2
2626,Minimum Moves to Move a Box to Their Target Location,HARD,"Array, Breadth-First Search, Heap (Priority Queue), Matrix",1,2
2627,Minimum Moves to Reach Target in Grid,HARD,Math,1,2
2628,Minimum Number of Days to Disconnect Island,HARD,"Array, Depth-First Search, Breadth-First Search, Matrix, Strongly Connected Component, Articulation Point",1,2
2629,Minimum Number of Flips to Make Binary Grid Palindromic II,MEDIUM,"Array, Two Pointers, Matrix",1,2
2630,Minimum Number of Operations to Have Distinct Elements,MEDIUM,"Array, Hash Table",1,2
2631,Minimum Number of Operations to Make Array XOR Equal to K,MEDIUM,"Array, Bit Manipulation",1,2
2632,Minimum Number of Operations to Satisfy Conditions,MEDIUM,"Array, Dynamic Programming, Matrix",1,2
2633,Minimum Number of Primes to Sum to Target,MEDIUM,"Array, Math, Dynamic Programming, Number Theory",1,2
2634,Minimum Number of Valid Strings to Form Target I,MEDIUM,"Array, String, Binary Search, Dynamic Programming, Greedy, Trie, Segment Tree, Rolling Hash, String Matching, Hash Function",1,2
2635,Minimum Operations to Make Array Equal,MEDIUM,Math,1,2
2636,Minimum Operations to Make Character Frequencies Equal,HARD,"Hash Table, String, Dynamic Programming, Counting, Enumeration",1,2
2637,Minimum Operations to Make Columns Strictly Increasing,EASY,"Array, Greedy, Matrix",1,2
2638,Minimum Operations to Make Numbers Non-positive,HARD,"Array, Binary Search",1,2
2639,Minimum Operations to Sort a String,MEDIUM,String,1,2
2640,Minimum Operations to Transform Array into Alternating Prime,MEDIUM,"Array, Math, Two Pointers, Binary Search, Sorting, Number Theory",1,2
2641,Minimum Possible Integer After at Most K Adjacent Swaps On Digits,HARD,"String, Greedy, Binary Indexed Tree, Segment Tree",1,2
2642,Minimum Runes to Add to Cast Spell,HARD,"Array, Depth-First Search, Breadth-First Search, Graph Theory, Topological Sort",1,2
2643,Minimum Seconds to Equalize a Circular Array,MEDIUM,"Array, Hash Table",1,2
2644,Minimum Size Subarray in Infinite Array,MEDIUM,"Array, Hash Table, Sliding Window, Prefix Sum",1,2
2645,Minimum Stability Factor of Array,HARD,"Array, Math, Binary Search, Greedy, Segment Tree, Number Theory",1,2
2646,Minimum Subarray Length With Distinct Sum At Least K,MEDIUM,"Array, Hash Table, Sliding Window",1,2
2647,Minimum Sum of Four Digit Number After Splitting Digits,EASY,"Math, Greedy, Sorting",1,2
2648,Minimum Sum of Mountain Triplets I,EASY,Array,1,2
2649,Minimum Swaps to Avoid Forbidden Values,HARD,"Array, Hash Table, Greedy, Counting",1,2
2650,Minimum Swaps to Sort by Digit Sum,MEDIUM,"Array, Hash Table, Sorting",1,2
2651,Minimum Time to Break Locks I,MEDIUM,"Array, Dynamic Programming, Backtracking, Bit Manipulation, Breadth-First Search, Bitmask",1,2
2652,Minimum Time to Break Locks II,HARD,"Array, Breadth-First Search, Graph Theory",1,2
2653,Minimum Time to Finish the Race,HARD,"Array, Dynamic Programming",1,2
2654,Minimum Time to Visit All Houses,MEDIUM,"Array, Prefix Sum",1,2
2655,Minimum Weighted Subgraph With the Required Paths,HARD,"Graph Theory, Heap (Priority Queue), Shortest Path",1,2
2656,Modify Graph Edge Weights,HARD,"Graph Theory, Heap (Priority Queue), Shortest Path",1,2
2657,Most Expensive Item That Can Not Be Bought,MEDIUM,"Math, Dynamic Programming, Number Theory",1,2
2658,Most Frequent Number Following Key In an Array,EASY,"Array, Hash Table, Counting",1,2
2659,My Calendar III,HARD,"Binary Search, Design, Segment Tree, Prefix Sum, Ordered Set",1,2
2660,Next Closest Time,MEDIUM,"Hash Table, String, Backtracking, Enumeration",1,2
2661,Next Greater Element IV,HARD,"Array, Binary Search, Stack, Sorting, Heap (Priority Queue), Monotonic Stack",1,2
2662,Next Palindrome Using Same Digits,HARD,"Two Pointers, String",1,2
2663,Next Special Palindrome Number,HARD,"Backtracking, Bit Manipulation",1,2
2664,Number of Arithmetic Triplets,EASY,"Array, Hash Table, Two Pointers, Enumeration",1,2
2665,Number of Restricted Paths From First to Last Node,MEDIUM,"Dynamic Programming, Graph Theory, Topological Sort, Heap (Priority Queue), Shortest Path, Dijkstra's Algorithm",1,2
2666,Number of Senior Citizens,EASY,"Array, String",1,2
2667,Number of Stable Subsequences,HARD,"Array, Dynamic Programming",1,2
2668,Number of Ways of Cutting a Pizza,HARD,"Array, Dynamic Programming, Memoization, Matrix, Prefix Sum",1,2
2669,Number of Ways to Reach a Position After Exactly k Steps,MEDIUM,"Math, Dynamic Programming, Combinatorics",1,2
2670,Numbers With Repeated Digits,HARD,"Math, Dynamic Programming",1,2
2671,Page Recommendations,MEDIUM,Database,1,2
2672,Page Recommendations II,HARD,Database,1,2
2673,Partition Array Into K-Distinct Groups,MEDIUM,"Array, Hash Table, Counting",1,2
2674,Partition Array for Maximum XOR and AND,HARD,"Array, Math, Greedy, Bit Manipulation, Enumeration",1,2
2675,Partition Array into Two Equal Product Subsets,MEDIUM,"Array, Bit Manipulation, Recursion, Enumeration",1,2
2676,Partition Array to Minimize XOR,MEDIUM,"Array, Dynamic Programming, Bit Manipulation, Prefix Sum",1,2
2677,Partition String,MEDIUM,"Hash Table, String, Trie, Simulation",1,2
2678,Permutations III,MEDIUM,"Array, Backtracking",1,2
2679,Pizza Toppings Cost Analysis,MEDIUM,Database,1,2
2680,Pizza With 3n Slices,HARD,"Array, Dynamic Programming, Greedy, Heap (Priority Queue)",1,2
2681,Poor Pigs,HARD,"Math, Dynamic Programming, Combinatorics",1,2
2682,Product Sales Analysis IV,MEDIUM,Database,1,2
2683,Projection Area of 3D Shapes,EASY,"Array, Math, Geometry, Matrix",1,2
2684,Promise Pool,MEDIUM,"JavaScript, Promise, Asynchronous Programming",1,2
2685,Pythagorean Distance Nodes in a Tree,MEDIUM,"Tree, Breadth-First Search",1,2
2686,Redundant Connection II,HARD,"Depth-First Search, Breadth-First Search, Union-Find, Graph Theory",1,2
2687,Remove Adjacent Almost-Equal Characters,MEDIUM,"String, Dynamic Programming, Greedy",1,2
2688,Remove Interval,MEDIUM,Array,1,2
2689,Replace the Substring for Balanced String,MEDIUM,"String, Sliding Window",1,2
2690,Reshape Data: Concatenate,EASY,"Pandas, DataFrame, Data Reshaping",1,2
2691,Restore The Array,HARD,"String, Dynamic Programming",1,2
2692,Resulting String After Adjacent Removals,MEDIUM,"String, Stack, Simulation",1,2
2693,Search in a Sorted Array of Unknown Size,MEDIUM,"Array, Binary Search, Interactive",1,2
2694,Select K Disjoint Special Substrings,MEDIUM,"Hash Table, String, Dynamic Programming, Greedy, Sorting",1,2
2695,Self Crossing,HARD,"Array, Math, Geometry",1,2
2696,Sender With Largest Word Count,MEDIUM,"Array, Hash Table, String, Counting",1,2
2697,Sentence Screen Fitting,MEDIUM,"Array, String, Dynamic Programming",1,2
2698,Sentence Similarity,EASY,"Array, Hash Table, String",1,2
2699,Shift Distance Between Two Strings,MEDIUM,"Array, String, Prefix Sum",1,2
2700,Short Encoding of Words,MEDIUM,"Array, Hash Table, String, Trie",1,2
2701,Shortest Distance in a Plane,MEDIUM,"Database, Nearest Pair of Points",1,2
2702,Shortest Matching Substring,HARD,"Two Pointers, String, Binary Search, String Matching",1,2
2703,Shortest Path in a Weighted Tree,HARD,"Array, Tree, Depth-First Search, Binary Indexed Tree, Segment Tree",1,2
2704,Shortest Word Distance III,MEDIUM,"Array, String",1,2
2705,Single-Row Keyboard,EASY,"Hash Table, String",1,2
2706,Smallest Index With Digit Sum Equal to Index,EASY,"Array, Math",1,2
2707,Smallest Rectangle Enclosing Black Pixels,HARD,"Array, Binary Search, Depth-First Search, Breadth-First Search, Matrix",1,2
2708,Smallest Rotation with Highest Score,HARD,"Array, Prefix Sum",1,2
2709,Snake in Matrix,EASY,"Array, String, Simulation",1,2
2710,Split and Merge Array Transformation,MEDIUM,"Array, Hash Table, Breadth-First Search",1,2
2711,Stamping The Sequence,HARD,"String, Stack, Greedy, Queue",1,2
2712,Stamping the Grid,HARD,"Array, Greedy, Matrix, Prefix Sum",1,2
2713,Stone Game V,HARD,"Array, Math, Dynamic Programming, Game Theory",1,2
2714,Subsequence Sum After Capping Elements,MEDIUM,"Array, Two Pointers, Dynamic Programming, Sorting",1,2
2715,Substring Matching Pattern,EASY,"String, String Matching",1,2
2716,Sum of Digits in Base K,EASY,Math,1,2
2717,Sum of Good Numbers,EASY,Array,1,2
2718,Sum of Good Subsequences,HARD,"Array, Hash Table, Dynamic Programming",1,2
2719,Sum of Squares of Special Elements,EASY,"Array, Enumeration",1,2
2720,Surface Area of 3D Shapes,EASY,"Array, Math, Geometry, Matrix",1,2
2721,Symmetric Coordinates,MEDIUM,Database,1,2
2722,The Latest Login in 2020,EASY,Database,1,2
2723,The Maze III,HARD,"Array, String, Depth-First Search, Breadth-First Search, Graph Theory, Heap (Priority Queue), Matrix, Shortest Path, Dijkstra's Algorithm, Heuristic Search, A* Search",1,2
2724,The Most Frequently Ordered Products for Each Customer,MEDIUM,Database,1,2
2725,The Most Recent Orders for Each Product,MEDIUM,Database,1,2
2726,The Number of Weak Characters in the Game,MEDIUM,"Array, Stack, Greedy, Sorting, Monotonic Stack",1,2
2727,Top Three Wineries,HARD,Database,1,2
2728,Total Characters in String After Transformations II,HARD,"Hash Table, Math, String, Dynamic Programming, Counting",1,2
2729,Traffic Signal Color,EASY,"Math, String, Simulation",1,2
2730,Transform Array by Parity,EASY,"Array, Sorting, Counting",1,2
2731,Unit Conversion I,MEDIUM,"Depth-First Search, Breadth-First Search, Graph Theory",1,2
2732,Unpopular Books,MEDIUM,Database,1,2
2733,Valid Subarrays With Matching Sum Digits I,MEDIUM,"Array, Hash Table, Sliding Window, Enumeration, Prefix Sum",1,2
2734,Verify Preorder Serialization of a Binary Tree,MEDIUM,"String, Stack, Tree, Binary Tree",1,2
2735,Vowels of All Substrings,MEDIUM,"Math, String, Dynamic Programming, Combinatorics",1,2
2736,Walking Robot Simulation II,MEDIUM,"Design, Simulation",1,2
2737,Ways to Split Array Into Good Subarrays,MEDIUM,"Array, Math, Dynamic Programming",1,2
2738,Wiggle Subsequence,MEDIUM,"Array, Dynamic Programming, Greedy",1,2
2739,Year on Year Growth Rate,HARD,Database,1,2
2740,Zero Array Transformation IV,MEDIUM,"Array, Dynamic Programming",1,2
2741,Abbreviating the Product of a Range,HARD,"Math, Number Theory",1,1
2742,Active Businesses,MEDIUM,Database,1,1
2743,Activity Participants,MEDIUM,Database,1,1
2744,Ad-Free Sessions,EASY,Database,1,1
2745,Add Edges to Make Degrees of All Nodes Even,HARD,"Hash Table, Graph Theory",1,1
2746,Add Two Polynomials Represented as Linked Lists,MEDIUM,"Linked List, Math, Two Pointers",1,1
2747,Adding Two Negabinary Numbers,MEDIUM,"Array, Math",1,1
2748,Ads Performance,EASY,Database,1,1
2749,All Divisions With the Highest Score of a Binary Array,MEDIUM,Array,1,1
2750,All Valid Triplets That Can Represent a Country,EASY,Database,1,1
2751,All the Matches of the League,EASY,Database,1,1
2752,All the Pairs With the Maximum Number of Common Followers,MEDIUM,Database,1,1
2753,Alphabet Board Path,MEDIUM,"Hash Table, String",1,1
2754,Ambiguous Coordinates,MEDIUM,"String, Backtracking, Enumeration",1,1
2755,Apples & Oranges,MEDIUM,Database,1,1
2756,Apply Bitwise Operations to Make Strings Equal,MEDIUM,"String, Bit Manipulation",1,1
2757,Apply Discount Every n Orders,MEDIUM,"Array, Hash Table, Design",1,1
2758,Apply Operations on Array to Maximize Sum of Squares,HARD,"Array, Hash Table, Greedy, Bit Manipulation",1,1
2759,Apply Operations to Make String Empty,MEDIUM,"Array, Hash Table, Sorting, Counting",1,1
2760,Apply Operations to Make Two Strings Equal,MEDIUM,"String, Dynamic Programming",1,1
2761,Armstrong Number,EASY,Math,1,1
2762,Array With Elements Not Equal to Average of Neighbors,MEDIUM,"Array, Greedy, Sorting",1,1
2763,Array of Doubled Pairs,MEDIUM,"Array, Hash Table, Greedy, Sorting",1,1
2764,Article Views II,MEDIUM,Database,1,1
2765,Average Height of Buildings in Each Segment,MEDIUM,"Array, Sorting, Heap (Priority Queue), Prefix Sum",1,1
2766,Average Salary Excluding the Minimum and Maximum Salary,EASY,"Array, Sorting",1,1
2767,Bank Account Summary,MEDIUM,Database,1,1
2768,Beautiful Towers I,MEDIUM,"Array, Stack, Monotonic Stack",1,1
2769,Beautiful Towers II,MEDIUM,"Array, Stack, Monotonic Stack",1,1
2770,Bitwise OR of Adjacent Elements,EASY,"Array, Bit Manipulation",1,1
2771,Bitwise OR of All Subsequence Sums,MEDIUM,"Array, Math, Bit Manipulation, Brainteaser, Prefix Sum",1,1
2772,Bold Words in String,MEDIUM,"Array, Hash Table, String, Trie, String Matching, Aho–Corasick Algorithm",1,1
2773,Booking Concert Tickets in Groups,HARD,"Binary Search, Design, Binary Indexed Tree, Segment Tree",1,1
2774,Brace Expansion II,HARD,"Hash Table, String, Backtracking, Stack, Breadth-First Search, Sorting",1,1
2775,Build Binary Expression Tree From Infix Expression,HARD,"String, Stack, Tree, Binary Tree",1,1
2776,Bulb Switcher II,MEDIUM,"Math, Bit Manipulation, Depth-First Search, Breadth-First Search",1,1
2777,Calculate Delayed Arrival Time,EASY,Math,1,1
2778,Calculate Digit Sum of a String,EASY,"String, Simulation",1,1
2779,Campus Bikes II,MEDIUM,"Array, Dynamic Programming, Backtracking, Bit Manipulation, Bitmask, Hungarian Algorithm, Bipartite Graph, Successive Shortest Path Algorithm, Matching (Graph), Minimum-Cost Flow, Flow Network",1,1
2780,Can Convert String in K Moves,MEDIUM,"Hash Table, String",1,1
2781,Can Make Palindrome from Substring,MEDIUM,"Array, Hash Table, String, Bit Manipulation, Prefix Sum",1,1
2782,Categorize Box According to Criteria,EASY,Math,1,1
2783,Change Minimum Characters to Satisfy One of Three Conditions,MEDIUM,"Hash Table, String, Counting, Prefix Sum",1,1
2784,Change Null Values in a Table to the Previous Value,MEDIUM,Database,1,1
2785,Change the Root of a Binary Tree,MEDIUM,"Tree, Depth-First Search, Binary Tree",1,1
2786,Check If String Is Transformable With Substring Sort Operations,HARD,"String, Greedy, Sorting",1,1
2787,Check If String Is a Prefix of Array,EASY,"Array, Two Pointers, String",1,1
2788,Check If Two Expression Trees are Equivalent,MEDIUM,"Hash Table, Tree, Depth-First Search, Binary Tree, Counting",1,1
2789,Check If Word Is Valid After Substitutions,MEDIUM,"String, Stack",1,1
2790,Check If a Number Is Majority Element in a Sorted Array,EASY,"Array, Binary Search",1,1
2791,Check Whether Two Strings are Almost Equivalent,EASY,"Hash Table, String, Counting",1,1
2792,Check if Move is Legal,MEDIUM,"Array, Matrix, Enumeration",1,1
2793,Check if Point Is Reachable,HARD,"Math, Number Theory, Euclidean Algorithm, Greatest Common Divisor",1,1
2794,Check if There Is a Valid Parentheses String Path,HARD,"Array, Dynamic Programming, Matrix, Bracket Sequences",1,1
2795,Checking Existence of Edge Length Limited Paths II,HARD,"Depth-First Search, Union-Find, Graph Theory, Design, Sorting, Heap (Priority Queue), Minimum Spanning Tree",1,1
2796,Choose Edges to Maximize Score in a Tree,MEDIUM,"Dynamic Programming, Tree, Depth-First Search",1,1
2797,Choose Numbers From Two Arrays in Range,HARD,"Array, Dynamic Programming",1,1
2798,Circular Permutation in Binary Representation,MEDIUM,"Math, Backtracking, Bit Manipulation",1,1
2799,Clone N-ary Tree,MEDIUM,"Hash Table, Tree, Depth-First Search, Breadth-First Search",1,1
2800,Closest Dessert Cost,MEDIUM,"Array, Dynamic Programming, Backtracking, Knapsack Problem, Mixed Knapsack",1,1
2801,Closest Divisors,MEDIUM,"Math, Prime Factorization",1,1
2802,Closest Room,HARD,"Array, Binary Search, Sorting, Ordered Set",1,1
2803,Coin Path,HARD,"Array, Dynamic Programming",1,1
2804,Compare Strings by Frequency of the Smallest Character,MEDIUM,"Array, Hash Table, String, Binary Search, Sorting",1,1
2805,Concatenate Array With Reverse,EASY,"Array, Simulation",1,1
2806,Confusing Number,EASY,Math,1,1
2807,Confusing Number II,HARD,"Math, Backtracking",1,1
2808,Connecting Cities With Minimum Cost,MEDIUM,"Union-Find, Graph Theory, Heap (Priority Queue), Minimum Spanning Tree",1,1
2809,Construct String with Minimum Cost,HARD,"Array, String, Dynamic Programming, Suffix Array",1,1
2810,Construct Uniform Parity Array II,MEDIUM,"Array, Math",1,1
2811,Convex Polygon,MEDIUM,"Array, Math, Geometry, Polygons",1,1
2812,Correct a Binary Tree,MEDIUM,"Hash Table, Tree, Depth-First Search, Breadth-First Search, Binary Tree",1,1
2813,Count Alternating Subarrays,MEDIUM,"Array, Math",1,1
2814,Count Asterisks,EASY,String,1,1
2815,Count Beautiful Substrings II,HARD,"Hash Table, Math, String, Number Theory, Prefix Sum",1,1
2816,Count Complete Substrings,HARD,"Hash Table, String, Sliding Window",1,1
2817,Count Distinct Numbers on Board,EASY,"Array, Hash Table, Math, Simulation",1,1
2818,Count Fertile Pyramids in a Land,HARD,"Array, Dynamic Programming, Matrix",1,1
2819,Count Houses in a Circular Street,EASY,"Array, Interactive",1,1
2820,Count Integers With Even Digit Sum,EASY,"Math, Simulation",1,1
2821,Count K-Subsequences of a String With Maximum Beauty,HARD,"Hash Table, Math, String, Greedy, Sorting, Combinatorics, Fermat's Little Theorem",1,1
2822,Count Monobit Integers,EASY,"Bit Manipulation, Enumeration",1,1
2823,Count Nodes Equal to Sum of Descendants,MEDIUM,"Tree, Depth-First Search, Binary Tree",1,1
2824,Count Non Adjacent Subsets in a Rooted Tree,HARD,"Array, Dynamic Programming, Tree, Depth-First Search",1,1
2825,Count Non Decreasing Arrays With Given Digit Sums,HARD,"Array, Dynamic Programming, Prefix Sum",1,1
2826,Count Number of Special Subsequences,HARD,"Array, Dynamic Programming",1,1
2827,Count Numbers With Unique Digits II,EASY,"Hash Table, Math, Dynamic Programming",1,1
2828,Count Pairs Of Nodes,HARD,"Array, Hash Table, Two Pointers, Binary Search, Graph Theory, Sorting, Counting",1,1
2829,Count Pairs With XOR in a Range,HARD,"Array, Bit Manipulation, Trie",1,1
2830,Count Pairs of Equal Substrings With Minimum Difference,MEDIUM,"Hash Table, String, Greedy",1,1
2831,Count Pairs of Points With Distance k,MEDIUM,"Array, Hash Table, Bit Manipulation",1,1
2832,Count Prefixes of a Given String,EASY,"Array, String",1,1
2833,Count Strictly Increasing Subarrays,MEDIUM,"Array, Math, Dynamic Programming",1,1
2834,Count Student Number in Departments,MEDIUM,Database,1,1
2835,Count Subarrays With K Distinct Integers,HARD,"Array, Hash Table, Sliding Window, Counting",1,1
2836,Count Subarrays With More Ones Than Zeros,MEDIUM,"Array, Hash Table, Binary Search, Divide and Conquer, Binary Indexed Tree, Segment Tree, Merge Sort, Ordered Set",1,1
2837,Count Substrings That Differ by One Character,MEDIUM,"Hash Table, String, Dynamic Programming, Enumeration",1,1
2838,Count Tested Devices After Test Operations,EASY,"Array, Simulation, Counting",1,1
2839,Count Triplets with Even XOR Set Bits I,EASY,"Array, Bit Manipulation",1,1
2840,Count Triplets with Even XOR Set Bits II,MEDIUM,"Array, Bit Manipulation",1,1
2841,Count Visited Nodes in a Directed Graph,HARD,"Dynamic Programming, Depth-First Search, Graph Theory, Topological Sort, Memoization, Kosaraju's Algorithm, Tarjan's SCC Algorithm",1,1
2842,Count Ways to Build Rooms in an Ant Colony,HARD,"Array, Math, Dynamic Programming, Tree, Depth-First Search, Graph Theory, Topological Sort, Combinatorics, DP on Trees, Fermat's Little Theorem",1,1
2843,Count Ways to Distribute Candies,HARD,Dynamic Programming,1,1
2844,Count Ways to Make Array With Product,HARD,"Array, Math, Dynamic Programming, Combinatorics, Number Theory, Prime Factorization, Fermat's Little Theorem",1,1
2845,Count Words Obtained After Adding a Letter,MEDIUM,"Array, Hash Table, String, Bit Manipulation, Sorting",1,1
2846,Count of Substrings Containing Every Vowel and K Consonants I,MEDIUM,"Hash Table, String, Sliding Window",1,1
2847,Count the Number of Good Partitions,HARD,"Array, Hash Table, Math, Combinatorics",1,1
2848,Count the Number of Houses at a Certain Distance I,MEDIUM,"Breadth-First Search, Graph Theory, Prefix Sum",1,1
2849,Count the Number of Houses at a Certain Distance II,HARD,"Graph Theory, Prefix Sum",1,1
2850,Count the Number of K-Big Indices,HARD,"Array, Binary Search, Divide and Conquer, Binary Indexed Tree, Segment Tree, Merge Sort, Ordered Set",1,1
2851,Count the Number of K-Free Subsets,MEDIUM,"Array, Math, Dynamic Programming, Sorting, Combinatorics",1,1
2852,Count the Number of Vowel Strings in Range,EASY,"Array, String, Counting",1,1
2853,Counting Elements,EASY,"Array, Hash Table",1,1
2854,Create Sorted Array through Instructions,HARD,"Array, Binary Search, Divide and Conquer, Binary Indexed Tree, Segment Tree, Merge Sort, Ordered Set",1,1
2855,Create a Session Bar Chart,EASY,Database,1,1
2856,Customer Order Frequency,EASY,Database,1,1
2857,Customers Who Bought Products A and B but Not C,MEDIUM,Database,1,1
2858,Customers With Strictly Increasing Purchases,HARD,Database,1,1
2859,Cycle Length Queries in a Tree,HARD,"Array, Tree, Binary Tree, Binary Lifting, Lowest Common Ancestor",1,1
2860,Decode XORed Array,EASY,"Array, Bit Manipulation",1,1
2861,Decode XORed Permutation,MEDIUM,"Array, Bit Manipulation",1,1
2862,Decrease Elements To Make Array Zigzag,MEDIUM,"Array, Greedy",1,1
2863,Delayed Count of Equal Elements,MEDIUM,"Array, Hash Table, Counting",1,1
2864,Delete N Nodes After M Nodes of a Linked List,EASY,Linked List,1,1
2865,Delete Tree Nodes,MEDIUM,"Array, Tree, Depth-First Search, Breadth-First Search, DP on Trees",1,1
2866,Delivering Boxes from Storage to Ports,HARD,"Array, Dynamic Programming, Segment Tree, Queue, Heap (Priority Queue), Prefix Sum, Monotonic Queue",1,1
2867,Design Event Manager,MEDIUM,"Array, Hash Table, Design, Heap (Priority Queue), Ordered Set",1,1
2868,Design Most Recently Used Queue,MEDIUM,"Array, Linked List, Divide and Conquer, Design, Simulation, Doubly-Linked List, Sqrt Decomposition, Treap, Splay Tree",1,1
2869,Design Order Management System,MEDIUM,"Hash Table, Design",1,1
2870,Design Phone Directory,MEDIUM,"Array, Hash Table, Linked List, Design, Queue",1,1
2871,Design Video Sharing Platform,HARD,"Hash Table, Design, Heap (Priority Queue)",1,1
2872,Design a File Sharing System,MEDIUM,"Hash Table, Design, Sorting, Heap (Priority Queue), Data Stream",1,1
2873,Destroy Sequential Targets,MEDIUM,"Array, Hash Table, Counting",1,1
2874,Detect Pattern of Length M Repeated K or More Times,EASY,"Array, Enumeration",1,1
2875,Determine if a Cell Is Reachable at a Given Time,MEDIUM,Math,1,1
2876,Determine the Minimum Sum of a k-avoiding Array,MEDIUM,"Math, Greedy",1,1
2877,Determine the Winner of a Bowling Game,EASY,"Array, Simulation",1,1
2878,Diet Plan Performance,EASY,"Array, Sliding Window",1,1
2879,Difference Between Ones and Zeros in Row and Column,MEDIUM,"Array, Matrix, Simulation",1,1
2880,Digit Count in Range,HARD,"Math, Dynamic Programming",1,1
2881,Distinct Echo Substrings,HARD,"String, Trie, Rolling Hash, Suffix Array, Hash Function, Suffix Automaton, Suffix Tree",1,1
2882,Distinct Numbers in Each Subarray,MEDIUM,"Array, Hash Table, Sliding Window",1,1
2883,Distribute Elements Into Two Arrays I,EASY,"Array, Simulation",1,1
2884,Distribute Repeating Integers,HARD,"Array, Hash Table, Dynamic Programming, Backtracking, Bit Manipulation, Counting, Bitmask",1,1
2885,Divide Array Into Increasing Sequences,HARD,"Array, Counting",1,1
2886,Double Modular Exponentiation,MEDIUM,"Array, Math, Simulation",1,1
2887,Earliest Possible Day of Full Bloom,HARD,"Array, Greedy, Sorting",1,1
2888,Earliest Second to Mark Indices I,MEDIUM,"Array, Binary Search",1,1
2889,Employees With Deductions,MEDIUM,Database,1,1
2890,Employees With Missing Information,EASY,Database,1,1
2891,Encode Number,MEDIUM,"Math, String, Bit Manipulation",1,1
2892,Encode String with Shortest Length,HARD,"String, Dynamic Programming",1,1
2893,Equal Rational Numbers,HARD,"Math, String",1,1
2894,Equal Sum Arrays With Minimum Number of Operations,MEDIUM,"Array, Hash Table, Greedy, Counting",1,1
2895,Equal Tree Partition,MEDIUM,"Tree, Depth-First Search, Binary Tree",1,1
2896,Equalize Strings by Adding or Removing Characters at Ends,MEDIUM,"String, Binary Search, Dynamic Programming, Sliding Window, Hash Function",1,1
2897,Erect the Fence II,HARD,"Array, Math, Geometry, Minimum Enclosing Circle",1,1
2898,Evaluate Boolean Expression,MEDIUM,Database,1,1
2899,Evaluate Valid Expressions,HARD,"Hash Table, Math, String, Divide and Conquer, Stack",1,1
2900,Existence of a Substring in a String and Its Reverse,EASY,"Hash Table, String",1,1
2901,Extract Kth Character From The Rope Tree,EASY,"Tree, Depth-First Search, Binary Tree",1,1
2902,Falling Squares,HARD,"Array, Segment Tree, Ordered Set",1,1
2903,Faulty Keyboard,EASY,"String, Simulation",1,1
2904,Faulty Sensor,EASY,"Array, Two Pointers",1,1
2905,Filter Characters by Frequency,EASY,"Hash Table, String, Counting",1,1
2906,Filter Occupied Intervals,MEDIUM,"Array, Sorting",1,1
2907,"Filter Restaurants by Vegan-Friendly, Price and Distance",MEDIUM,"Array, Sorting",1,1
2908,Final Element After Subarray Deletions,MEDIUM,"Array, Math, Brainteaser, Game Theory",1,1
2909,Find All Good Indices,MEDIUM,"Array, Dynamic Programming, Prefix Sum",1,1
2910,Find All Good Strings,HARD,"String, Dynamic Programming, String Matching",1,1
2911,Find All The Lonely Nodes,EASY,"Tree, Depth-First Search, Breadth-First Search, Binary Tree",1,1
2912,Find Anagram Mappings,EASY,"Array, Hash Table",1,1
2913,Find Array Given Subset Sums,HARD,"Array, Hash Table, Sorting, Counting",1,1
2914,Find Champion I,EASY,"Array, Matrix",1,1
2915,Find Consecutive Integers from a Data Stream,MEDIUM,"Hash Table, Design, Queue, Counting, Data Stream",1,1
2916,Find Cumulative Salary of an Employee,HARD,Database,1,1
2917,Find Customers With Positive Revenue this Year,EASY,Database,1,1
2918,Find Diameter Endpoints of a Tree,MEDIUM,"Tree, Breadth-First Search, Graph Theory",1,1
2919,Find Indices With Index and Value Difference I,EASY,"Array, Two Pointers",1,1
2920,Find Indices With Index and Value Difference II,MEDIUM,"Array, Two Pointers",1,1
2921,Find Interview Candidates,MEDIUM,Database,1,1
2922,Find K-Length Substrings With No Repeated Characters,MEDIUM,"Hash Table, String, Sliding Window",1,1
2923,Find Kth Largest XOR Coordinate Value,MEDIUM,"Array, Divide and Conquer, Bit Manipulation, Sorting, Heap (Priority Queue), Matrix, Prefix Sum, Quickselect",1,1
2924,Find Latest Group of Size M,MEDIUM,"Array, Hash Table, Binary Search, Simulation",1,1
2925,Find Longest Awesome Substring,HARD,"Hash Table, String, Bit Manipulation",1,1
2926,Find Median Given Frequency of Numbers,HARD,Database,1,1
2927,Find Minimum Time to Finish All Jobs II,MEDIUM,"Array, Greedy, Sorting",1,1
2928,Find Nearest Right Node in Binary Tree,MEDIUM,"Tree, Breadth-First Search, Binary Tree",1,1
2929,Find Number of Coins to Place in Tree Nodes,HARD,"Dynamic Programming, Tree, Depth-First Search, Sorting, Heap (Priority Queue), DP on Trees",1,1
2930,Find Number of Ways to Reach the K-th Stair,HARD,"Math, Dynamic Programming, Bit Manipulation, Memoization, Combinatorics",1,1
2931,Find Palindrome With Fixed Length,MEDIUM,"Array, Math",1,1
2932,Find Pattern in Infinite Stream I,MEDIUM,"Array, Sliding Window, Rolling Hash, String Matching, Interactive, Hash Function",1,1
2933,Find Pattern in Infinite Stream II,HARD,"Array, Sliding Window, Rolling Hash, String Matching, Interactive, Hash Function",1,1
2934,Find Permutation,MEDIUM,"Array, String, Stack, Greedy",1,1
2935,Find Polygon With the Largest Perimeter,MEDIUM,"Array, Greedy, Sorting, Prefix Sum, Polygons",1,1
2936,Find Products of Elements of Big Array,HARD,"Array, Binary Search, Bit Manipulation",1,1
2937,Find Smallest Common Element in All Rows,MEDIUM,"Array, Hash Table, Binary Search, Matrix, Counting",1,1
2938,Find Subarray With Bitwise OR Closest to K,HARD,"Array, Binary Search, Bit Manipulation, Segment Tree",1,1
2939,Find The First Player to win K Games in a Row,MEDIUM,"Array, Simulation",1,1
2940,Find The Least Frequent Digit,EASY,"Array, Hash Table, Math, Counting",1,1
2941,Find Three Consecutive Integers That Sum to a Given Number,MEDIUM,"Math, Simulation",1,1
2942,Find Two Non-overlapping Sub-arrays Each With Target Sum,MEDIUM,"Array, Hash Table, Binary Search, Dynamic Programming, Sliding Window",1,1
2943,Find Xor-Beauty of Array,MEDIUM,"Array, Math, Bit Manipulation",1,1
2944,Find a Value of a Mysterious Function Closest to Target,HARD,"Array, Binary Search, Bit Manipulation, Segment Tree, Sparse Table",1,1
2945,Find the Child Who Has the Ball After K Seconds,EASY,"Math, Simulation",1,1
2946,Find the Derangement of An Array,MEDIUM,"Math, Dynamic Programming, Combinatorics",1,1
2947,Find the Index of the Large Integer,MEDIUM,"Array, Binary Search, Interactive",1,1
2948,Find the Integer Added to Array I,EASY,Array,1,1
2949,Find the Integer Added to Array II,MEDIUM,"Array, Two Pointers, Sorting, Enumeration",1,1
2950,Find the K-or of an Array,EASY,"Array, Bit Manipulation",1,1
2951,Find the Last Marked Nodes in Tree,HARD,"Tree, Depth-First Search",1,1
2952,Find the Level of Tree with Minimum Sum,MEDIUM,"Tree, Depth-First Search, Breadth-First Search, Binary Tree",1,1
2953,Find the Longest Valid Obstacle Course at Each Position,HARD,"Array, Binary Search, Binary Indexed Tree, Longest Increasing Subsequence",1,1
2954,Find the Maximum Divisibility Score,EASY,Array,1,1
2955,Find the Maximum Length of a Good Subsequence I,MEDIUM,"Array, Hash Table, Dynamic Programming",1,1
2956,Find the Minimum Number of Fibonacci Numbers Whose Sum Is K,MEDIUM,"Math, Greedy",1,1
2957,Find the Minimum Possible Sum of a Beautiful Array,MEDIUM,"Math, Greedy",1,1
2958,Find the Missing IDs,MEDIUM,Database,1,1
2959,Find the N-th Value After K Seconds,MEDIUM,"Array, Math, Simulation, Combinatorics, Prefix Sum",1,1
2960,Find the Number of Good Pairs I,EASY,"Array, Hash Table",1,1
2961,Find the Score of All Prefixes of an Array,MEDIUM,"Array, Prefix Sum",1,1
2962,Find the Sequence of Strings Appeared on the Screen,MEDIUM,"String, Simulation",1,1
2963,Find the Start and End Number of Continuous Ranges,MEDIUM,Database,1,1
2964,Find the Substring With Maximum Cost,MEDIUM,"Array, Hash Table, String, Dynamic Programming",1,1
2965,Find the Subtasks That Did Not Execute,HARD,Database,1,1
2966,Find the Sum of Encrypted Integers,EASY,"Array, Math",1,1
2967,Find the Sum of Subsequence Powers,HARD,"Array, Dynamic Programming, Sorting",1,1
2968,Find the Team Size,EASY,Database,1,1
2969,Finding the Topic of Each Post,HARD,Database,1,1
2970,First Day Where You Have Been in All the Rooms,MEDIUM,"Array, Dynamic Programming",1,1
2971,Fixed Point,EASY,"Array, Binary Search",1,1
2972,Flip Game,EASY,String,1,1
2973,Form Array by Concatenating Subarrays of Another Array,MEDIUM,"Array, Two Pointers, Greedy, String Matching, Knuth–Morris–Pratt Algorithm",1,1
2974,Form Largest Integer With Digits That Add up to Target,HARD,"Array, Dynamic Programming, Knapsack Problem, Complete Knapsack",1,1
2975,Friendly Movies Streamed Last Month,EASY,Database,1,1
2976,Game Play Analysis III,MEDIUM,Database,1,1
2977,Game Play Analysis V,HARD,Database,1,1
2978,Generalized Abbreviation,MEDIUM,"String, Backtracking, Bit Manipulation",1,1
2979,Get Highest Answer Rate Question,MEDIUM,Database,1,1
2980,Get the Second Most Recent Activity,HARD,Database,1,1
2981,Global and Local Inversions,MEDIUM,"Array, Math",1,1
2982,Grand Slam Titles,MEDIUM,Database,1,1
2983,Greatest English Letter in Upper and Lower Case,EASY,"Hash Table, String, Enumeration",1,1
2984,Grid Illumination,HARD,"Array, Hash Table",1,1
2985,Group Employees of the Same Salary,MEDIUM,Database,1,1
2986,Groups of Special-Equivalent Strings,MEDIUM,"Array, Hash Table, String, Sorting",1,1
2987,Groups of Strings,HARD,"Array, Hash Table, String, Bit Manipulation, Union-Find",1,1
2988,Guess the Majority in a Hidden Array,MEDIUM,"Array, Math, Interactive, Boyer–Moore Majority Vote Algorithm",1,1
2989,Handling Sum Queries After Update,HARD,"Array, Segment Tree",1,1
2990,Handshakes That Don't Cross,HARD,"Math, Dynamic Programming",1,1
2991,Hopper Company Queries I,HARD,Database,1,1
2992,Hopper Company Queries II,HARD,Database,1,1
2993,Hopper Company Queries III,HARD,Database,1,1
2994,Immediate Food Delivery I,EASY,Database,1,1
2995,Incremental Memory Leak,MEDIUM,"Math, Simulation",1,1
2996,Index Pairs of a String,EASY,"Array, String, Trie, Sorting, Aho–Corasick Algorithm",1,1
2997,Insufficient Nodes in Root to Leaf Paths,MEDIUM,"Tree, Depth-First Search, Binary Tree",1,1
2998,Intervals Between Identical Elements,MEDIUM,"Array, Hash Table, Prefix Sum",1,1
2999,Iterator for Combination,MEDIUM,"String, Backtracking, Design, Iterator",1,1
3000,Jump Game VIII,MEDIUM,"Array, Dynamic Programming, Stack, Graph Theory, Monotonic Stack, Shortest Path",1,1
3001,K Empty Slots,HARD,"Array, Binary Indexed Tree, Segment Tree, Queue, Sliding Window, Heap (Priority Queue), Ordered Set, Monotonic Queue",1,1
3002,K Highest Ranked Items Within a Price Range,MEDIUM,"Array, Breadth-First Search, Sorting, Heap (Priority Queue), Matrix",1,1
3003,K-th Smallest Prime Fraction,MEDIUM,"Array, Two Pointers, Binary Search, Sorting, Heap (Priority Queue)",1,1
3004,Kth Smallest Subarray Sum,MEDIUM,"Array, Binary Search, Sliding Window",1,1
3005,Largest Merge Of Two Strings,MEDIUM,"Two Pointers, String, Greedy",1,1
3006,Largest Multiple of Three,HARD,"Array, Math, Dynamic Programming, Greedy, Sorting",1,1
3007,Largest Number After Mutating Substring,MEDIUM,"Array, String, Greedy",1,1
3008,Largest Subarray Length K,EASY,"Array, Greedy",1,1
3009,Largest Unique Number,EASY,"Array, Hash Table, Sorting",1,1
3010,Largest Values From Labels,MEDIUM,"Array, Hash Table, Greedy, Sorting, Counting",1,1
3011,Last Moment Before All Ants Fall Out of a Plank,MEDIUM,"Array, Brainteaser, Simulation",1,1
3012,Latest Time You Can Obtain After Replacing Characters,EASY,"String, Enumeration",1,1
3013,Least Operators to Express Number,HARD,"Math, Dynamic Programming, Memoization",1,1
3014,Leetcodify Friends Recommendations,HARD,Database,1,1
3015,Leetcodify Similar Friends,HARD,Database,1,1
3016,Leetflex Banned Accounts,MEDIUM,Database,1,1
3017,Lexicographically Smallest String After Operations With Constraint,MEDIUM,"String, Greedy",1,1
3018,Lonely Pixel I,MEDIUM,"Array, Hash Table, Matrix",1,1
3019,Lonely Pixel II,MEDIUM,"Array, Hash Table, Matrix",1,1
3020,Longest Chunked Palindrome Decomposition,HARD,"Two Pointers, String, Dynamic Programming, Greedy, Rolling Hash, Hash Function",1,1
3021,Longest Common Subpath,HARD,"Array, Binary Search, Rolling Hash, Suffix Array, Hash Function, Suffix Automaton, Suffix Tree",1,1
3022,Longest Common Subsequence Between Sorted Arrays,MEDIUM,"Array, Hash Table, Counting",1,1
3023,Longest Line of Consecutive One in Matrix,MEDIUM,"Array, Dynamic Programming, Matrix",1,1
3024,Longest Palindromic Path in Graph,HARD,"String, Dynamic Programming, Bit Manipulation, Graph Theory, Bitmask",1,1
3025,Longest Unequal Adjacent Groups Subsequence I,EASY,"Array, String, Dynamic Programming, Greedy",1,1
3026,Longest Uploaded Prefix,MEDIUM,"Hash Table, Binary Search, Union-Find, Design, Binary Indexed Tree, Segment Tree, Heap (Priority Queue), Ordered Set",1,1
3027,Longest Winning Streak,HARD,Database,1,1
3028,Longest Word With All Prefixes,MEDIUM,"Array, String, Depth-First Search, Trie",1,1
3029,Make Number of Distinct Characters Equal,MEDIUM,"Hash Table, String, Counting",1,1
3030,Make String Anti-palindrome,HARD,"String, Greedy, Sorting, Counting Sort",1,1
3031,Make Three Strings Equal,EASY,String,1,1
3032,Make the Prefix Sum Non-negative,MEDIUM,"Array, Greedy, Heap (Priority Queue)",1,1
3033,Matrix Cells in Distance Order,EASY,"Array, Math, Geometry, Sorting, Matrix",1,1
3034,Maximal Range That Each Element Is Maximum in It,MEDIUM,"Array, Stack, Monotonic Stack",1,1
3035,Maximize Alternating Sum Using Swaps,HARD,"Array, Greedy, Union-Find, Sorting",1,1
3036,Maximize Consecutive Elements in an Array After Modification,HARD,"Array, Dynamic Programming, Sorting",1,1
3037,Maximize Count of Distinct Primes After Split,HARD,"Array, Hash Table, Math, Segment Tree, Number Theory, Ordered Set",1,1
3038,Maximize Grid Happiness,HARD,"Dynamic Programming, Bit Manipulation, Memoization, Bitmask",1,1
3039,Maximize Number of Nice Divisors,HARD,"Math, Recursion, Number Theory",1,1
3040,Maximize Number of Subsequences in a String,MEDIUM,"String, Greedy, Prefix Sum",1,1
3041,Maximize Palindrome Length From Subsequences,HARD,"String, Dynamic Programming",1,1
3042,Maximize Points After Choosing K Tasks,MEDIUM,"Array, Greedy, Sorting, Heap (Priority Queue)",1,1
3043,Maximize Sum of Squares of Digits,MEDIUM,"Math, Greedy",1,1
3044,Maximize Total Cost of Alternating Subarrays,MEDIUM,"Array, Dynamic Programming",1,1
3045,Maximize Total Tastiness of Purchased Fruits,MEDIUM,"Array, Dynamic Programming",1,1
3046,Maximize Value of Function in a Ball Passing Game,HARD,"Array, Dynamic Programming, Bit Manipulation",1,1
3047,Maximize Win From Two Segments,MEDIUM,"Array, Binary Search, Sliding Window",1,1
3048,Maximize the Beauty of the Garden,HARD,"Array, Hash Table, Greedy, Prefix Sum",1,1
3049,Maximize the Number of Partitions After Operations,HARD,"String, Dynamic Programming, Bit Manipulation, Bitmask",1,1
3050,Maximize the Profit as the Salesman,MEDIUM,"Array, Hash Table, Binary Search, Dynamic Programming, Sorting",1,1
3051,Maximize the Topmost Element After K Moves,MEDIUM,"Array, Greedy",1,1
3052,Maximum AND Sum of Array,HARD,"Array, Dynamic Programming, Bit Manipulation, Bitmask",1,1
3053,Maximum Array Hopping Score I,MEDIUM,"Array, Dynamic Programming, Stack, Greedy, Monotonic Stack",1,1
3054,Maximum Array Hopping Score II,MEDIUM,"Array, Stack, Greedy, Monotonic Stack",1,1
3055,Maximum Average Subarray II,HARD,"Array, Binary Search, Prefix Sum",1,1
3056,Maximum Average Subtree,MEDIUM,"Tree, Depth-First Search, Binary Tree",1,1
3057,Maximum Balanced Subsequence Sum,HARD,"Array, Binary Search, Dynamic Programming, Binary Indexed Tree, Segment Tree",1,1
3058,Maximum Binary String After Change,MEDIUM,"String, Greedy",1,1
3059,Maximum Binary Tree II,MEDIUM,"Tree, Binary Tree",1,1
3060,Maximum Calories Burnt from Jumps,MEDIUM,"Array, Two Pointers, Greedy, Sorting",1,1
3061,Maximum Coins Heroes Can Collect,MEDIUM,"Array, Two Pointers, Binary Search, Sorting, Prefix Sum",1,1
3062,Maximum Consecutive Floors Without Special Floors,MEDIUM,"Array, Sorting",1,1
3063,Maximum Deletions on a String,HARD,"String, Dynamic Programming, Rolling Hash, String Matching, Hash Function",1,1
3064,Maximum Distance Between Unequal Words in Array I,EASY,"Array, String",1,1
3065,Maximum Equal Frequency,HARD,"Array, Hash Table",1,1
3066,Maximum Font to Fit a Sentence in a Screen,MEDIUM,"Array, String, Binary Search, Interactive",1,1
3067,Maximum Frequency Score of a Subarray,HARD,"Array, Hash Table, Math, Stack, Sliding Window",1,1
3068,Maximum Genetic Difference Query,HARD,"Array, Hash Table, Bit Manipulation, Depth-First Search, Trie",1,1
3069,Maximum Height of a Triangle,EASY,"Array, Enumeration",1,1
3070,Maximum Increasing Triplet Value,MEDIUM,"Array, Ordered Set",1,1
3071,Maximum Length of Semi-Decreasing Subarrays,MEDIUM,"Array, Stack, Sorting, Monotonic Stack",1,1
3072,Maximum Linear Stock Score,MEDIUM,"Array, Hash Table",1,1
3073,Maximum Number That Makes Result of Bitwise AND Zero,MEDIUM,"String, Greedy, Sorting",1,1
3074,Maximum Number of Achievable Transfer Requests,HARD,"Array, Backtracking, Bit Manipulation, Enumeration",1,1
3075,Maximum Number of Consecutive Values You Can Make,MEDIUM,"Array, Greedy, Sorting",1,1
3076,Maximum Number of Darts Inside of a Circular Dartboard,HARD,"Array, Math, Geometry",1,1
3077,Maximum Number of Eaten Apples,MEDIUM,"Array, Greedy, Heap (Priority Queue)",1,1
3078,Maximum Number of Groups Getting Fresh Donuts,HARD,"Array, Dynamic Programming, Bit Manipulation, Memoization, Bitmask",1,1
3079,Maximum Number of Integers to Choose From a Range II,MEDIUM,"Array, Binary Search, Greedy, Sorting",1,1
3080,Maximum Number of Intersections on the Chart,HARD,"Array, Hash Table, Math, Binary Indexed Tree, Geometry, Sweep Line, Sorting",1,1
3081,Maximum Number of Non-Overlapping Subarrays With Sum Equals Target,MEDIUM,"Array, Hash Table, Greedy, Prefix Sum",1,1
3082,Maximum Number of Non-Overlapping Substrings,HARD,"Hash Table, String, Greedy, Sorting",1,1
3083,Maximum Number of Ones,HARD,"Math, Greedy, Sorting, Heap (Priority Queue)",1,1
3084,Maximum Number of Operations With the Same Score I,EASY,"Array, Simulation",1,1
3085,Maximum Number of Pairs in Array,EASY,"Array, Hash Table, Counting",1,1
3086,Maximum Number of Weeks for Which You Can Work,MEDIUM,"Array, Greedy",1,1
3087,Maximum Points Inside the Square,MEDIUM,"Array, Hash Table, String, Binary Search, Sorting",1,1
3088,Maximum Points in an Archery Competition,MEDIUM,"Array, Backtracking, Bit Manipulation, Enumeration",1,1
3089,Maximum Price to Fill a Bag,MEDIUM,"Array, Greedy, Sorting",1,1
3090,Maximum Profit of Operating a Centennial Wheel,MEDIUM,"Array, Simulation",1,1
3091,Maximum Profitable Triplets With Increasing Prices I,MEDIUM,"Array, Binary Indexed Tree, Segment Tree",1,1
3092,Maximum Profitable Triplets With Increasing Prices II,HARD,"Array, Binary Indexed Tree, Segment Tree",1,1
3093,Maximum Rows Covered by Columns,MEDIUM,"Array, Backtracking, Bit Manipulation, Matrix, Enumeration",1,1
3094,Maximum Score After Applying Operations on a Tree,MEDIUM,"Dynamic Programming, Tree, Depth-First Search, DP on Trees",1,1
3095,Maximum Score After Binary Swaps,MEDIUM,"Array, String, Greedy, Heap (Priority Queue)",1,1
3096,Maximum Score From Removing Stones,MEDIUM,"Math, Greedy, Heap (Priority Queue)",1,1
3097,Maximum Score Of Spliced Array,HARD,"Array, Dynamic Programming",1,1
3098,Maximum Score from Performing Multiplication Operations,HARD,"Array, Dynamic Programming",1,1
3099,Maximum Split of Positive Even Integers,MEDIUM,"Math, Backtracking, Greedy",1,1
3100,Maximum Strong Pair XOR I,EASY,"Array, Hash Table, Bit Manipulation, Trie, Sliding Window",1,1
3101,Maximum Strong Pair XOR II,HARD,"Array, Hash Table, Bit Manipulation, Trie, Sliding Window",1,1
3102,Maximum Subarray Sum After One Operation,MEDIUM,"Array, Dynamic Programming",1,1
3103,Maximum Subgraph Score in a Tree,HARD,"Array, Dynamic Programming, Tree, Depth-First Search",1,1
3104,Maximum Substrings With Distinct Start,MEDIUM,"Hash Table, String",1,1
3105,Maximum Sum Score of Array,MEDIUM,"Array, Prefix Sum",1,1
3106,Maximum Sum of Almost Unique Subarray,MEDIUM,"Array, Hash Table, Sliding Window",1,1
3107,Maximum Sum of Alternating Subsequence With Distance at Least K,HARD,"Array, Dynamic Programming, Segment Tree",1,1
3108,Maximum Sum of an Hourglass,MEDIUM,"Array, Matrix, Prefix Sum",1,1
3109,Maximum Total Beauty of the Gardens,HARD,"Array, Two Pointers, Binary Search, Greedy, Sorting, Enumeration, Prefix Sum",1,1
3110,Maximum Total Importance of Roads,MEDIUM,"Greedy, Graph Theory, Sorting, Heap (Priority Queue)",1,1
3111,Maximum Total Reward Using Operations I,MEDIUM,"Array, Dynamic Programming, Bit Manipulation, Sorting",1,1
3112,Maximum Total Reward Using Operations II,HARD,"Array, Dynamic Programming, Bit Manipulation, Sorting",1,1
3113,Maximum Total Value,HARD,"Array, Math, Binary Search, Greedy",1,1
3114,Maximum Total Value of Covered Indices,MEDIUM,"Array, String, Dynamic Programming, Greedy",1,1
3115,Maximum Transactions Without Negative Balance,MEDIUM,"Array, Greedy, Heap (Priority Queue)",1,1
3116,Maximum Value of K Coins From Piles,HARD,"Array, Dynamic Programming, Prefix Sum",1,1
3117,Maximum of Minimum Values in All Subarrays,MEDIUM,"Array, Stack, Monotonic Stack, Cartesian Tree",1,1
3118,Mean of Array After Removing Some Elements,EASY,"Array, Sorting",1,1
3119,Median of a Row Wise Sorted Matrix,MEDIUM,"Array, Binary Search, Matrix",1,1
3120,Merge Close Characters,MEDIUM,"Hash Table, String",1,1
3121,Merge Similar Items,EASY,"Array, Hash Table, Sorting, Ordered Set",1,1
3122,Minimize Maximum Value in a Grid,HARD,"Array, Union-Find, Graph Theory, Topological Sort, Sorting, Matrix",1,1
3123,Minimize Product Sum of Two Arrays,MEDIUM,"Array, Greedy, Sorting",1,1
3124,Minimize Rounding Error to Meet Target,MEDIUM,"Array, Math, String, Greedy, Sorting",1,1
3125,Minimizing Array After Replacing Pairs With Their Product,MEDIUM,"Array, Dynamic Programming, Greedy",1,1
3126,Minimum Absolute Difference Between Two Values,EASY,"Array, Enumeration",1,1
3127,Minimum Absolute Difference Queries,MEDIUM,"Array, Prefix Sum",1,1
3128,Minimum Absolute Sum Difference,MEDIUM,"Array, Binary Search, Sorting, Ordered Set",1,1
3129,Minimum Array Changes to Make Differences Equal,MEDIUM,"Array, Hash Table, Prefix Sum",1,1
3130,Minimum Array Length After Pair Removals,MEDIUM,"Array, Hash Table, Two Pointers, Binary Search, Greedy, Counting",1,1
3131,Minimum Bitwise OR From Grid,MEDIUM,"Array, Greedy, Bit Manipulation, Matrix",1,1
3132,Minimum Consecutive Cards to Pick Up,MEDIUM,"Array, Hash Table, Sliding Window",1,1
3133,Minimum Cost for Cutting Cake II,HARD,"Array, Greedy, Sorting",1,1
3134,Minimum Cost of a Path With Special Roads,MEDIUM,"Array, Graph Theory, Heap (Priority Queue), Shortest Path",1,1
3135,Minimum Cost to Change the Final Value of Expression,HARD,"Math, String, Dynamic Programming, Stack",1,1
3136,Minimum Cost to Connect Two Groups of Points,HARD,"Array, Dynamic Programming, Bit Manipulation, Matrix, Bitmask, Bipartite Graph, Successive Shortest Path Algorithm, Matching (Graph), Minimum-Cost Flow, Flow Network",1,1
3137,Minimum Cost to Equalize Arrays Using Swaps,MEDIUM,"Array, Hash Table, Greedy, Counting",1,1
3138,Minimum Cost to Make Array Equalindromic,MEDIUM,"Array, Math, Binary Search, Greedy, Sorting",1,1
3139,Minimum Cost to Partition a Binary String,HARD,"String, Divide and Conquer, Prefix Sum",1,1
3140,Minimum Cost to Separate Sentence Into Rows,MEDIUM,"String, Dynamic Programming",1,1
3141,Minimum Cost to Split an Array,HARD,"Array, Hash Table, Dynamic Programming, Counting",1,1
3142,Minimum Costs Using the Train Line,HARD,"Array, Dynamic Programming",1,1
3143,Minimum Deletions to Make Array Beautiful,MEDIUM,"Array, Stack, Greedy",1,1
3144,Minimum Edge Weight Equilibrium Queries in a Tree,HARD,"Array, Dynamic Programming, Bit Manipulation, Tree, Depth-First Search",1,1
3145,Minimum Elements to Add to Form a Given Sum,MEDIUM,"Array, Greedy",1,1
3146,Minimum Factorization,MEDIUM,"Math, Greedy, Prime Factorization",1,1
3147,Minimum Flips in Binary Tree to Get Result,HARD,"Dynamic Programming, Tree, Depth-First Search, Binary Tree",1,1
3148,Minimum Flips to Make Binary String Coherent,MEDIUM,String,1,1
3149,Minimum Garden Perimeter to Collect Enough Apples,MEDIUM,"Math, Binary Search",1,1
3150,Minimum Impossible OR,MEDIUM,"Array, Bit Manipulation, Brainteaser",1,1
3151,Minimum Incompatibility,HARD,"Array, Hash Table, Dynamic Programming, Bit Manipulation, Bitmask",1,1
3152,Minimum Increase to Maximize Special Indices,MEDIUM,"Array, Dynamic Programming, Greedy, Prefix Sum",1,1
3153,Minimum Increment Operations to Make Array Beautiful,MEDIUM,"Array, Dynamic Programming",1,1
3154,Minimum Length of String After Operations,MEDIUM,"Hash Table, String, Counting",1,1
3155,Minimum Levels to Gain More Points,MEDIUM,"Array, Prefix Sum",1,1
3156,Minimum Lines to Represent a Line Chart,MEDIUM,"Array, Math, Geometry, Sorting, Number Theory",1,1
3157,Minimum Money Required Before Transactions,HARD,"Array, Greedy, Sorting",1,1
3158,Minimum Moves to Equal Array Elements III,EASY,"Array, Math",1,1
3159,Minimum Moves to Pick K Ones,HARD,"Array, Greedy, Sliding Window, Prefix Sum",1,1
3160,Minimum Moves to Reach Target with Rotations,HARD,"Array, Breadth-First Search, Matrix",1,1
3161,Minimum Number of Days to Eat N Oranges,HARD,"Dynamic Programming, Memoization",1,1
3162,Minimum Number of Flips to Convert Binary Matrix to Zero Matrix,HARD,"Array, Hash Table, Bit Manipulation, Breadth-First Search, Matrix",1,1
3163,Minimum Number of Keypresses,MEDIUM,"Hash Table, String, Greedy, Sorting, Counting",1,1
3164,Minimum Number of Lines to Cover Points,MEDIUM,"Array, Hash Table, Math, Dynamic Programming, Backtracking, Bit Manipulation, Geometry, Bitmask",1,1
3165,Minimum Number of Operations to Convert Time,EASY,"String, Greedy",1,1
3166,Minimum Number of Operations to Make String Sorted,HARD,"Hash Table, Math, String, Combinatorics, Counting, Fermat's Little Theorem",1,1
3167,Minimum Number of Operations to Make X and Y Equal,MEDIUM,"Dynamic Programming, Breadth-First Search, Memoization",1,1
3168,Minimum Number of Steps to Make Two Strings Anagram II,MEDIUM,"Hash Table, String, Counting",1,1
3169,Minimum Numbers of Function Calls to Make Target Array,MEDIUM,"Array, Greedy, Bit Manipulation",1,1
3170,Minimum Operations to Collect Elements,EASY,"Array, Hash Table, Bit Manipulation",1,1
3171,Minimum Operations to Convert Number,MEDIUM,"Array, Breadth-First Search",1,1
3172,Minimum Operations to Exceed Threshold Value I,EASY,Array,1,1
3173,Minimum Operations to Form Subsequence With Target Sum,HARD,"Array, Greedy, Bit Manipulation",1,1
3174,Minimum Operations to Make Array Equal II,MEDIUM,"Array, Math, Greedy",1,1
3175,Minimum Operations to Make Binary Array Elements Equal to One II,MEDIUM,"Array, Dynamic Programming, Greedy",1,1
3176,Minimum Operations to Make Binary Palindrome,MEDIUM,"Array, Two Pointers, Binary Search, Bit Manipulation",1,1
3177,Minimum Operations to Make Median of Array Equal to K,MEDIUM,"Array, Greedy, Sorting",1,1
3178,Minimum Operations to Make the Array K-Increasing,HARD,"Array, Binary Search, Longest Increasing Subsequence",1,1
3179,Minimum Operations to Remove Adjacent Ones in Matrix,HARD,"Array, Depth-First Search, Graph Theory, Matrix, Edmonds–Karp Algorithm, MPM Algorithm, Push-Relabel Algorithm, Flow Network, Dinic's Algorithm",1,1
3180,Minimum Path Cost in a Grid,MEDIUM,"Array, Dynamic Programming, Matrix",1,1
3181,Minimum Rectangles to Cover Points,MEDIUM,"Array, Greedy, Sorting",1,1
3182,Minimum Reverse Operations,HARD,"Array, Hash Table, Breadth-First Search, Union-Find, Ordered Set",1,1
3183,Minimum Skips to Arrive at Meeting On Time,HARD,"Array, Dynamic Programming",1,1
3184,Minimum Sum of Values by Dividing Array,HARD,"Array, Binary Search, Dynamic Programming, Bit Manipulation, Segment Tree, Queue",1,1
3185,Minimum Time to Activate String,MEDIUM,"Array, Binary Search",1,1
3186,Minimum Time to Build Blocks,HARD,"Array, Math, Greedy, Heap (Priority Queue)",1,1
3187,Minimum Time to Complete All Tasks,HARD,"Array, Binary Search, Stack, Greedy, Sorting",1,1
3188,Minimum Time to Eat All Grains,HARD,"Array, Two Pointers, Binary Search, Sorting",1,1
3189,Minimum Time to Kill All Monsters,HARD,"Array, Dynamic Programming, Bit Manipulation, Bitmask",1,1
3190,Minimum Time to Make Array Sum At Most x,HARD,"Array, Dynamic Programming, Sorting",1,1
3191,Minimum Time to Remove All Cars Containing Illegal Goods,HARD,"String, Dynamic Programming",1,1
3192,Minimum Time to Revert Word to Initial State I,MEDIUM,"String, Rolling Hash, String Matching, Hash Function",1,1
3193,Minimum Time to Revert Word to Initial State II,HARD,"String, Rolling Hash, String Matching, Hash Function",1,1
3194,Minimum Total Space Wasted With K Resizing Operations,MEDIUM,"Array, Dynamic Programming, Prefix Sum",1,1
3195,Minimum White Tiles After Covering With Carpets,HARD,"String, Dynamic Programming, Prefix Sum",1,1
3196,Minimum XOR Path in a Grid,MEDIUM,"Array, Dynamic Programming, Bit Manipulation, Matrix",1,1
3197,Minimum XOR Sum of Two Arrays,HARD,"Array, Dynamic Programming, Bit Manipulation, Bitmask, Hungarian Algorithm, Bipartite Graph, Successive Shortest Path Algorithm",1,1
3198,Modify the Matrix,EASY,"Array, Matrix",1,1
3199,Monthly Transactions II,MEDIUM,Database,1,1
3200,Most Frequent Prime,MEDIUM,"Array, Hash Table, Math, Matrix, Counting, Enumeration, Number Theory, Primality Test, Sieve Theory, Prime Number Sieve",1,1
3201,Most Visited Sector in  a Circular Track,EASY,"Array, Simulation",1,1
3202,Move Sub-Tree of N-Ary Tree,HARD,"Tree, Depth-First Search",1,1
3203,Moving Stones Until Consecutive,MEDIUM,"Math, Brainteaser",1,1
3204,Moving Stones Until Consecutive II,MEDIUM,"Array, Math, Sliding Window, Sorting",1,1
3205,NPV Queries,EASY,Database,1,1
3206,Naming a Company,HARD,"Array, Hash Table, String, Bit Manipulation, Enumeration",1,1
3207,New Users Daily Count,MEDIUM,Database,1,1
3208,Node With Highest Edge Score,MEDIUM,"Hash Table, Graph Theory",1,1
3209,Number Of Corner Rectangles,MEDIUM,"Array, Math, Dynamic Programming, Matrix",1,1
3210,Number Of Ways To Reconstruct A Tree,HARD,"Array, Hash Table, Tree, Graph Theory, Simulation",1,1
3211,Number of Accounts That Did Not Stream,MEDIUM,Database,1,1
3212,Number of Beautiful Integers in the Range,HARD,"Math, Dynamic Programming",1,1
3213,Number of Beautiful Partitions,HARD,"String, Dynamic Programming, Prefix Sum",1,1
3214,Number of Bit Changes to Make Two Integers Equal,EASY,Bit Manipulation,1,1
3215,Number of Calls Between Two Persons,MEDIUM,Database,1,1
3216,Number of Comments per Post,EASY,Database,1,1
3217,Number of Days in a Month,EASY,Math,1,1
3218,Number of Distinct Binary Strings After Applying Operations,MEDIUM,"Math, String",1,1
3219,Number of Distinct Roll Sequences,HARD,"Dynamic Programming, Memoization",1,1
3220,Number of Equal Count Substrings,MEDIUM,"Hash Table, String, Sliding Window, Counting",1,1
3221,Number of Equal Numbers Blocks,MEDIUM,"Array, Binary Search, Interactive",1,1
3222,Number of Good Binary Strings,MEDIUM,Dynamic Programming,1,1
3223,Number of Nodes With Value One,MEDIUM,"Array, Tree, Depth-First Search, Breadth-First Search, Binary Tree",1,1
3224,Number of People That Can Be Seen in a Grid,MEDIUM,"Array, Stack, Matrix, Monotonic Stack",1,1
3225,Number of Self-Divisible Permutations,MEDIUM,"Array, Math, Dynamic Programming, Backtracking, Bit Manipulation, Number Theory, Bitmask",1,1
3226,Number of Sets of K Non-Overlapping Line Segments,MEDIUM,"Math, Dynamic Programming, Combinatorics, Prefix Sum",1,1
3227,Number of Strings Which Can Be Rearranged to Contain Substring,MEDIUM,"Math, Dynamic Programming, Combinatorics",1,1
3228,Number of Subarrays With AND Value of K,HARD,"Array, Binary Search, Bit Manipulation, Segment Tree",1,1
3229,Number of Substrings With Fixed Ratio,MEDIUM,"Hash Table, Math, String, Prefix Sum",1,1
3230,Number of Times Binary String Is Prefix-Aligned,MEDIUM,Array,1,1
3231,Number of Times a Driver Was a Passenger,MEDIUM,Database,1,1
3232,Number of Transactions per Visit,HARD,Database,1,1
3233,Number of Trusted Contacts of a Customer,MEDIUM,Database,1,1
3234,Number of Unequal Triplets in Array,EASY,"Array, Hash Table, Sorting",1,1
3235,Number of Unique Categories,MEDIUM,"Union-Find, Interactive, Counting",1,1
3236,Number of Valid Clock Times,EASY,"String, Enumeration",1,1
3237,Number of Valid Subarrays,HARD,"Array, Stack, Monotonic Stack",1,1
3238,Number of Valid Words for Each Puzzle,HARD,"Array, Hash Table, String, Bit Manipulation, Trie",1,1
3239,Number of Ways to Build House of Cards,MEDIUM,"Math, Dynamic Programming",1,1
3240,Number of Ways to Buy Pens and Pencils,MEDIUM,"Math, Enumeration",1,1
3241,Number of Ways to Earn Points,HARD,"Array, Dynamic Programming, Knapsack Problem, Multiple Knapsack",1,1
3242,Number of Ways to Reach Destination in the Grid,HARD,"Math, Dynamic Programming, Combinatorics",1,1
3243,Number of Ways to Rearrange Sticks With K Sticks Visible,HARD,"Math, Dynamic Programming, Combinatorics",1,1
3244,Number of Ways to Reorder Array to Get Same BST,HARD,"Array, Math, Divide and Conquer, Dynamic Programming, Tree, Union-Find, Binary Search Tree, Memoization, Combinatorics, Binary Tree, Fermat's Little Theorem",1,1
3245,Number of Ways to Separate Numbers,HARD,"String, Dynamic Programming, Prefix Sum",1,1
3246,Number of Ways to Split a String,MEDIUM,"Math, String",1,1
3247,Number of Ways to Stay in the Same Place After Some Steps,HARD,Dynamic Programming,1,1
3248,Occurrences After Bigram,EASY,String,1,1
3249,Odd and Even Transactions,MEDIUM,Database,1,1
3250,Online Majority Element In Subarray,HARD,"Array, Binary Search, Design, Binary Indexed Tree, Segment Tree, Sqrt Decomposition, Boyer–Moore Majority Vote Algorithm",1,1
3251,Optimal Division,MEDIUM,"Array, Math, Dynamic Programming",1,1
3252,Order Two Columns Independently,MEDIUM,Database,1,1
3253,Output Contest Matches,MEDIUM,"String, Recursion, Simulation",1,1
3254,Palindrome Partitioning IV,HARD,"String, Dynamic Programming",1,1
3255,Palindrome Removal,HARD,"Array, Dynamic Programming",1,1
3256,Path In Zigzag Labelled Binary Tree,MEDIUM,"Math, Tree, Binary Tree",1,1
3257,Path Sum IV,MEDIUM,"Array, Hash Table, Tree, Depth-First Search, Binary Tree",1,1
3258,Paths in Maze That Lead to Same Room,MEDIUM,Graph Theory,1,1
3259,Peaks in Array,HARD,"Array, Binary Indexed Tree, Segment Tree",1,1
3260,Percentage of Letter in String,EASY,String,1,1
3261,Perform String Shifts,EASY,"Array, Math, String",1,1
3262,Permutation Difference between Two Strings,EASY,"Hash Table, String",1,1
3263,Points That Intersect With Cars,EASY,"Array, Hash Table, Prefix Sum",1,1
3264,Positions of Large Groups,EASY,String,1,1
3265,Pour Water Between Buckets to Make Water Levels Equal,MEDIUM,"Array, Binary Search",1,1
3266,Power Update After K-th Largest Insertion I,MEDIUM,"Array, Hash Table, Math, Segment Tree, Sorting, Heap (Priority Queue)",1,1
3267,Preimage Size of Factorial Zeroes Function,HARD,"Math, Binary Search",1,1
3268,Prime Arrangements,EASY,"Math, Primality Test, Sieve Theory, Prime Number Sieve",1,1
3269,Prime In Diagonal,EASY,"Array, Math, Matrix, Number Theory",1,1
3270,Prison Cells After N Days,MEDIUM,"Array, Hash Table, Math, Bit Manipulation, Floyd's Cycle Finding Algorithm",1,1
3271,Product Sales Analysis II,EASY,Database,1,1
3272,Product Sales Analysis V,EASY,Database,1,1
3273,Product's Price for Each Store,EASY,Database,1,1
3274,Products With Three or More Orders in Two Consecutive Years,MEDIUM,Database,1,1
3275,Project Employees II,EASY,Database,1,1
3276,Project Employees III,MEDIUM,Database,1,1
3277,Properties Graph,MEDIUM,"Array, Hash Table, Depth-First Search, Breadth-First Search, Union-Find, Graph Theory",1,1
3278,Pseudo-Palindromic Paths in a Binary Tree,MEDIUM,"Bit Manipulation, Tree, Depth-First Search, Breadth-First Search, Binary Tree",1,1
3279,Queries on a Permutation With Key,MEDIUM,"Array, Binary Indexed Tree, Simulation, Sqrt Decomposition",1,1
3280,Random Flip Matrix,MEDIUM,"Hash Table, Math, Reservoir Sampling, Randomized",1,1
3281,Reachable Nodes In Subdivided Graph,HARD,"Graph Theory, Heap (Priority Queue), Shortest Path, Dijkstra's Algorithm",1,1
3282,Rearrange Characters to Make Target String,EASY,"Hash Table, String, Counting",1,1
3283,Reconstruct a 2-Row Binary Matrix,MEDIUM,"Array, Greedy, Matrix",1,1
3284,Recover the Original Array,HARD,"Array, Hash Table, Two Pointers, Sorting, Enumeration",1,1
3285,Rectangles Area,MEDIUM,Database,1,1
3286,Redistribute Characters to Make All Strings Equal,EASY,"Hash Table, String, Counting",1,1
3287,Reduce Array Size to The Half,MEDIUM,"Array, Hash Table, Greedy, Sorting, Heap (Priority Queue)",1,1
3288,Reduction Operations to Make the Array Elements Equal,MEDIUM,"Array, Sorting",1,1
3289,Reformat Phone Number,EASY,String,1,1
3290,Reformat The String,EASY,String,1,1
3291,Relocate Marbles,MEDIUM,"Array, Hash Table, Sorting, Simulation",1,1
3292,Remove 9,HARD,Math,1,1
3293,Remove All Ones With Row and Column Flips,MEDIUM,"Array, Math, Bit Manipulation, Matrix",1,1
3294,Remove All Ones With Row and Column Flips II,MEDIUM,"Array, Bit Manipulation, Breadth-First Search, Matrix",1,1
3295,Remove Vowels from a String,EASY,String,1,1
3296,Removing Minimum Number of Magic Beans,MEDIUM,"Array, Greedy, Sorting, Enumeration, Prefix Sum",1,1
3297,Replace All ?'s to Avoid Consecutive Repeating Characters,EASY,String,1,1
3298,Replace All Digits with Characters,EASY,String,1,1
3299,Replace Elements in an Array,MEDIUM,"Array, Hash Table, Simulation",1,1
3300,Replace Question Marks in String to Minimize Its Value,MEDIUM,"Hash Table, String, Greedy, Sorting, Heap (Priority Queue), Counting",1,1
3301,Reported Posts,EASY,Database,1,1
3302,Reported Posts II,MEDIUM,Database,1,1
3303,Reverse String Prefix,EASY,"Two Pointers, String",1,1
3304,Right Triangles,MEDIUM,"Array, Hash Table, Math, Combinatorics, Counting",1,1
3305,Rings and Rods,EASY,"Hash Table, String",1,1
3306,Rotate Non Negative Elements,MEDIUM,"Array, Simulation",1,1
3307,Sales Analysis I,EASY,Database,1,1
3308,Sales Analysis II,EASY,Database,1,1
3309,Sales by Day of the Week,HARD,Database,1,1
3310,Sequentially Ordinal Rank Tracker,HARD,"Design, Heap (Priority Queue), Data Stream, Ordered Set",1,1
3311,Shortest Completing Word,EASY,"Array, Hash Table, String",1,1
3312,Shortest Distance to Target Color,MEDIUM,"Array, Binary Search, Dynamic Programming",1,1
3313,Shortest Subarray With OR at Least K I,EASY,"Array, Bit Manipulation, Sliding Window",1,1
3314,Similar RGB Color,EASY,"Math, String, Enumeration",1,1
3315,Simplified Fractions,MEDIUM,"Math, String, Number Theory, Euclidean Algorithm, Greatest Common Divisor",1,1
3316,Smallest Greater Multiple Made of Two Digits,MEDIUM,"Math, Enumeration",1,1
3317,Smallest K-Length Subsequence With Occurrences of a Letter,HARD,"String, Stack, Greedy, Monotonic Stack",1,1
3318,Smallest Number With Given Digit Product,MEDIUM,"Math, Greedy",1,1
3319,Smallest Pair With Different Frequencies,EASY,"Array, Hash Table, Counting",1,1
3320,Smallest String With A Given Numeric Value,MEDIUM,"String, Greedy",1,1
3321,Sort Array By Absolute Value,EASY,"Array, Math, Two Pointers, Sorting",1,1
3322,Sort Array by Moving Items to Empty Space,HARD,"Array, Hash Table, Sorting",1,1
3323,Sort Features by Popularity,MEDIUM,"Array, Hash Table, String, Sorting",1,1
3324,Sort Integers by Binary Reflection,EASY,"Array, Sorting",1,1
3325,Sort the Jumbled Numbers,MEDIUM,"Array, Sorting",1,1
3326,Sorting Three Groups,MEDIUM,"Array, Binary Search, Dynamic Programming",1,1
3327,Split Array With Minimum Difference,MEDIUM,"Array, Prefix Sum",1,1
3328,Split Array with Equal Sum,HARD,"Array, Hash Table, Prefix Sum",1,1
3329,Split Concatenated Strings,MEDIUM,"Array, String, Greedy",1,1
3330,Split Two Strings to Make Palindrome,MEDIUM,"Two Pointers, String",1,1
3331,Split the Array to Make Coprime Products,HARD,"Array, Hash Table, Math, Number Theory, Prime Factorization",1,1
3332,Statistics from a Large Sample,MEDIUM,"Array, Math, Probability and Statistics",1,1
3333,Stepping Numbers,MEDIUM,"Math, Backtracking, Breadth-First Search",1,1
3334,Steps to Make Array Non-decreasing,MEDIUM,"Array, Linked List, Dynamic Programming, Stack, Monotonic Stack, Simulation",1,1
3335,Stone Game IX,MEDIUM,"Array, Math, Greedy, Minimax, Counting, Game Theory, Nim Game, Zero-Sum Game",1,1
3336,Stone Game VIII,HARD,"Array, Math, Dynamic Programming, Minimax, Prefix Sum, Game Theory, Zero-Sum Game",1,1
3337,Strange Printer II,HARD,"Array, Graph Theory, Topological Sort, Matrix, Directed Acyclic Graph",1,1
3338,String Transforms Into Another String,HARD,"Hash Table, String, Graph Theory",1,1
3339,Strings Differ by One Character,MEDIUM,"Hash Table, String, Rolling Hash, Hash Function",1,1
3340,Strong Password Checker II,EASY,String,1,1
3341,Students With Invalid Departments,EASY,Database,1,1
3342,Subarrays Distinct Element Sum of Squares II,HARD,"Array, Hash Table, Binary Indexed Tree, Segment Tree",1,1
3343,Subsequence After One Replacement,MEDIUM,"String, Dynamic Programming, Subsequence",1,1
3344,Subsequence With the Minimum Score,HARD,"Two Pointers, String, Binary Search",1,1
3345,Substring XOR Queries,MEDIUM,"Array, Hash Table, String, Bit Manipulation",1,1
3346,Subtree Removal Game with Fibonacci Tree,HARD,"Math, Dynamic Programming, Tree, Binary Tree, Game Theory, Sprague–Grundy Theorem",1,1
3347,Sum Game,MEDIUM,"Math, String, Greedy, Game Theory",1,1
3348,Sum Of Special Evenly-Spaced Elements In Array,HARD,"Array, Dynamic Programming, Sqrt Decomposition",1,1
3349,Sum of Beauty in the Array,MEDIUM,Array,1,1
3350,Sum of Digits in the Minimum Number,EASY,"Array, Math",1,1
3351,Sum of Even Numbers After Queries,MEDIUM,"Array, Simulation",1,1
3352,Sum of Imbalance Numbers of All Subarrays,HARD,"Array, Hash Table, Enumeration",1,1
3353,Sum of Number and Its Reverse,MEDIUM,"Math, Enumeration",1,1
3354,Sum of Remoteness of All Cells,MEDIUM,"Array, Hash Table, Depth-First Search, Breadth-First Search, Union-Find, Matrix",1,1
3355,Sum of Scores of Built Strings,HARD,"String, Binary Search, Rolling Hash, Suffix Array, String Matching, Hash Function, Z Algorithm, Knuth–Morris–Pratt Algorithm",1,1
3356,Sum of Subsequence Widths,HARD,"Array, Math, Sorting",1,1
3357,Sum of Values at Indices With K Set Bits,EASY,"Array, Bit Manipulation",1,1
3358,Super Palindromes,HARD,"Math, String, Enumeration",1,1
3359,Team Scores in Football Tournament,MEDIUM,Database,1,1
3360,Ternary Expression Parser,MEDIUM,"String, Stack, Recursion",1,1
3361,The Knight’s Tour,MEDIUM,"Array, Backtracking, Matrix",1,1
3362,The Most Similar Path in a Graph,HARD,"Array, String, Dynamic Programming, Graph Theory",1,1
3363,The Number of Full Rounds You Have Played,MEDIUM,"Math, String",1,1
3364,The Number of Rich Customers,EASY,Database,1,1
3365,The Number of Users That Are Eligible for Discount,EASY,Database,1,1
3366,The Score of Students Solving Math Expression,HARD,"Array, Hash Table, Math, String, Dynamic Programming, Stack, Memoization",1,1
3367,The Users That Are Eligible for Discount,EASY,Database,1,1
3368,The Winner University,EASY,Database,1,1
3369,The k Strongest Values in an Array,MEDIUM,"Array, Two Pointers, Sorting",1,1
3370,Time to Cross a Bridge,HARD,"Array, Heap (Priority Queue), Simulation",1,1
3371,Toggle Light Bulbs,EASY,"Array, Hash Table, Sorting, Simulation",1,1
3372,Toss Strange Coins,MEDIUM,"Array, Math, Dynamic Programming, Probability and Statistics",1,1
3373,Total Sum of Interaction Cost in Tree Groups,HARD,"Array, Tree, Depth-First Search",1,1
3374,Tournament Winners,HARD,Database,1,1
3375,Tree of Coprimes,HARD,"Array, Math, Tree, Depth-First Search, Number Theory",1,1
3376,Triples with Bitwise AND Equal To Zero,HARD,"Array, Hash Table, Bit Manipulation",1,1
3377,Two Sum BSTs,MEDIUM,"Two Pointers, Binary Search, Stack, Tree, Depth-First Search, Binary Search Tree, Binary Tree",1,1
3378,Two Sum Less Than K,EASY,"Array, Two Pointers, Binary Search, Sorting",1,1
3379,Unique Substrings With Equal Digit Frequency,MEDIUM,"Hash Table, String, Rolling Hash, Counting, Hash Function",1,1
3380,Unique Word Abbreviation,MEDIUM,"Array, Hash Table, String, Design",1,1
3381,Unit Conversion II,MEDIUM,"Array, Math, Depth-First Search, Breadth-First Search, Graph Theory",1,1
3382,User Purchase Platform,HARD,Database,1,1
3383,Users With Two Purchases Within Seven Days,MEDIUM,Database,1,1
3384,Valid Palindrome IV,MEDIUM,"Two Pointers, String",1,1
3385,Valid Word Square,EASY,"Array, Matrix",1,1
3386,Warehouse Manager,EASY,Database,1,1
3387,Watering Plants II,MEDIUM,"Array, Two Pointers, Simulation",1,1
3388,Weather Type in Each Country,EASY,Database,1,1
3389,Where Will the Ball Fall,MEDIUM,"Array, Matrix, Simulation",1,1
3390,Widest Pair of Indices With Equal Range Sum,MEDIUM,"Array, Hash Table, Prefix Sum",1,1
3391,Word Squares,HARD,"Array, String, Backtracking, Trie",1,1
3392,Word Squares II,MEDIUM,"Array, String, Backtracking, Sorting, Enumeration",1,1
